SpatialDim,ParentLocationCode,TimeDim,PercentHouseholdExp,TimeDimensionValue,Helper,2010 index Value Alc,2010 index Value All,2010 Price, 2010 *6M ,2010 UOM, 2010 USD conversion , Total USD All(/6M) ,Price per that year,Total Household Exp,Total Alc Market,Total Market Growth
EST,EUR,1996,1.7,1996,EST1996,53.22,50.54,7479.65,"44,877,900,000.00",EUR,0.76,5647.47,2854.23,17125395106,291131716.8,49.78
PLW,WPR,1990,5.4,1990,PLW1990,#N/A,#N/A,#N/A,#N/A,#N/A,#N/A,,#N/A,#N/A,#N/A,#N/A
EST,EUR,1997,1.9,1997,EST1997,55.4,55.48,7479.65,"44,877,900,000.00",EUR,0.76,5647.47,3133.22,18799305906,357186812.2,54.72
EST,EUR,1998,1.9,1998,EST1998,59.83,59.46,7479.65,"44,877,900,000.00",EUR,0.76,5647.47,3357.99,20147922300,382810523.7,58.7
EST,EUR,1999,2,1999,EST1999,62.77,61.82,7479.65,"44,877,900,000.00",EUR,0.76,5647.47,3491.27,20947604382,418952087.6,61.06
EST,EUR,2000,2.1,2000,EST2000,62.92,63.89,7479.65,"44,877,900,000.00",EUR,0.76,5647.47,3608.17,21649020446,454629429.4,63.13
EST,EUR,2001,1.9,2001,EST2001,63.73,67.91,7479.65,"44,877,900,000.00",EUR,0.76,5647.47,3835.2,23011190773,437212624.7,67.15
EST,EUR,2002,2.1,2002,EST2002,64.09,70.47,7479.65,"44,877,900,000.00",EUR,0.76,5647.47,3979.77,23878642524,501451493,69.71
EST,EUR,2003,2.1,2003,EST2003,65.5,71.93,7479.65,"44,877,900,000.00",EUR,0.76,5647.47,4062.23,24373361100,511840583.1,71.17
USA,AMR,1990,0.9,1990,USA1990,65.46,65.54,"9,891,397.00","59,348,382,000,000.00",USD,1,, $-   , $-   , $-   ,64.54
EST,EUR,2004,1.9,2004,EST2004,70.66,74.9,7479.65,"44,877,900,000.00",EUR,0.76,5647.47,4229.96,25379740670,482215072.7,74.14
EST,EUR,2005,1.9,2005,EST2005,71.98,78.23,7479.65,"44,877,900,000.00",EUR,0.76,5647.47,4418.02,26508105643,503654007.2,77.47
EST,EUR,2006,1.9,2006,EST2006,74.31,83.01,7479.65,"44,877,900,000.00",EUR,0.76,5647.47,4687.97,28127800708,534428213.5,82.25
EST,EUR,2007,1.9,2007,EST2007,77.79,89.43,7479.65,"44,877,900,000.00",EUR,0.76,5647.47,5050.53,30303207051,575760934,88.67
EST,EUR,2010,2.2,2010,EST2010,100,100,7479.65,"44,877,900,000.00",EUR,0.76,5647.47,5647.47,33884834006,745466348.1,99.24
EST,EUR,2011,2.1,2011,EST2011,106.04,105.74,7479.65,"44,877,900,000.00",EUR,0.76,5647.47,5971.64,35829823477,752426293,104.98
EST,EUR,2012,2.5,2012,EST2012,111.79,109.94,7479.65,"44,877,900,000.00",EUR,0.76,5647.47,6208.83,37252986506,931324662.6,109.18
CAN,AMR,1990,2.3,1990,CAN1990,68.94,71.63,926815,"5,560,890,000,000.00",CAD,1.030163,, $-   , $-   , $-   ,70.599837
JPN,WPR,1990,1.2,1990,JPN1990,#N/A,#N/A,282864600,"1,697,187,600,000,000.00",JPY,87.779875,,#N/A,#N/A,#N/A,#N/A
EST,EUR,2015,2.2,2015,EST2015,129.21,114.26,7479.65,"44,877,900,000.00",EUR,0.76,5647.47,6452.8,38716811335,851769849.4,113.5
EST,EUR,2016,2.1,2016,EST2016,139.04,115.27,7479.65,"44,877,900,000.00",EUR,0.76,5647.47,6509.84,39059048158,820240011.3,114.51
LVA,EUR,1994,2,1994,LVA1994,#N/A,#N/A,11248.709,"67,492,254,000.00",LVL,0.76,8493.28,#N/A,#N/A,#N/A,#N/A
ZWE,AFR,1990,7,1990,ZWE1990,#N/A,#N/A,#N/A,#N/A,#N/A,#N/A,,#N/A,#N/A,#N/A,#N/A
LTU,EUR,1990,6.1,1990,LTU1990,#N/A,#N/A,17881.9967,"107,291,980,200.00",EUR,0.76,13501.71,#N/A,#N/A,#N/A,#N/A
CAN,AMR,1991,2.2,1991,CAN1991,72.45,75.11,926815,"5,560,890,000,000.00",CAD,1.030163,, $-   , $-   , $-   ,74.079837
LTU,EUR,1993,2,1993,LTU1993,#N/A,#N/A,17881.9967,"107,291,980,200.00",EUR,0.76,13501.71,#N/A,#N/A,#N/A,#N/A
LTU,EUR,1998,3.4,1998,LTU1998,98.18,77.33,17881.9967,"107,291,980,200.00",EUR,0.76,13501.71,10440.87,62645244258,2129938305,76.57
LTU,EUR,2008,2.5,2008,LTU2008,95.09,94.63,17881.9967,"107,291,980,200.00",EUR,0.76,13501.71,12776.67,76660021520,1916500538,93.87
AUS,WPR,1991,4.1,1991,AUS1991,56.72,64.43,775116,"4,650,696,000,000.00",AUD,1.090159,, $-   , $-   , $-   ,63.339841
LTU,EUR,2012,2.4,2012,LTU2012,101.5,107.35,17881.9967,"107,291,980,200.00",EUR,0.76,13501.71,14494.09,86964528270,2087148678,106.59
SVN,EUR,2000,1.1,2000,SVN2000,71.39,67.82,19979.5759,"119,877,455,400.00",EUR,0.76,15085.48,10230.97,61385830681,675244137.5,67.06
SVN,EUR,2001,1,2001,SVN2001,75.76,72.95,19979.5759,"119,877,455,400.00",EUR,0.76,15085.48,11004.86,66029141081,660291410.8,72.19
SVN,EUR,2002,1,2002,SVN2002,79.9,78.48,19979.5759,"119,877,455,400.00",EUR,0.76,15085.48,11839.08,71034502976,710345029.8,77.72
JPN,WPR,1991,1.3,1991,JPN1991,#N/A,#N/A,282864600,"1,697,187,600,000,000.00",JPY,87.779875,,#N/A,#N/A,#N/A,#N/A
SVN,EUR,2003,1,2003,SVN2003,85.28,82.58,19979.5759,"119,877,455,400.00",EUR,0.76,15085.48,12457.59,74745530781,747455307.8,81.82
SVN,EUR,2004,0.9,2004,SVN2004,83.75,85,19979.5759,"119,877,455,400.00",EUR,0.76,15085.48,12822.66,76935942316,692423480.8,84.24
SVN,EUR,2005,0.9,2005,SVN2005,82.12,86.87,19979.5759,"119,877,455,400.00",EUR,0.76,15085.48,13104.76,78628533047,707656797.4,86.11
SVN,EUR,2006,1,2006,SVN2006,82.41,88.91,19979.5759,"119,877,455,400.00",EUR,0.76,15085.48,13412.5,80474995662,804749956.6,88.15
SVN,EUR,2007,1,2007,SVN2007,85.47,92.55,19979.5759,"119,877,455,400.00",EUR,0.76,15085.48,13961.61,83769664251,837696642.5,91.79
SVN,EUR,2008,1,2008,SVN2008,89.26,97.74,19979.5759,"119,877,455,400.00",EUR,0.76,15085.48,14744.55,88467282376,884672823.8,96.98
SVN,EUR,2009,1,2009,SVN2009,96.44,98.56,19979.5759,"119,877,455,400.00",EUR,0.76,15085.48,14868.25,89209487937,892094879.4,97.8
SVN,EUR,2010,1,2010,SVN2010,100,100,19979.5759,"119,877,455,400.00",EUR,0.76,15085.48,15085.48,90512873312,905128733.1,99.24
SVN,EUR,2012,1.1,2012,SVN2012,109.46,103.54,19979.5759,"119,877,455,400.00",EUR,0.76,15085.48,15619.5,93717029028,1030887319,102.78
SVN,EUR,2015,1,2015,SVN2015,117.44,105.09,19979.5759,"119,877,455,400.00",EUR,0.76,15085.48,15853.33,95119978564,951199785.6,104.33
IRL,EUR,2015,2.5,2015,IRL2015,103.91,105.58,78267.0175,"469,602,105,000.00",EUR,0.76,59095.12,62392.63,3.74356E+11,9358894191,104.82
FIN,EUR,1990,7.1,1990,FIN1990,78.45,68.33,94466,"566,796,000,000.00",EUR,0.76,71326.08,48737.11,2.92423E+11,20762009340,67.57
FIN,EUR,1991,7,1991,FIN1991,84.39,71.55,94466,"566,796,000,000.00",EUR,0.76,71326.08,51033.81,3.06203E+11,21434200592,70.79
FIN,EUR,1992,6.9,1992,FIN1992,87.17,74.12,94466,"566,796,000,000.00",EUR,0.76,71326.08,52866.89,3.17201E+11,21886892963,73.36
ZAF,AFR,1992,7.8,1992,ZAF1992,#N/A,28.43,1621835.538,"9,731,013,228,000.00",ZAR,#N/A,, $-   , $-   , $-   ,#N/A
FIN,EUR,1993,6.5,1993,FIN1993,88.47,76.84,94466,"566,796,000,000.00",EUR,0.76,71326.08,54806.96,3.28842E+11,21374714641,76.08
FIN,EUR,1994,6.2,1994,FIN1994,88.27,77.26,94466,"566,796,000,000.00",EUR,0.76,71326.08,55106.53,3.30639E+11,20499629219,76.5
FIN,EUR,1998,5.6,1998,FIN1998,90.66,81.23,94466,"566,796,000,000.00",EUR,0.76,71326.08,57938.18,3.47629E+11,19467226992,80.47
JPN,WPR,1992,1.2,1992,JPN1992,#N/A,#N/A,282864600,"1,697,187,600,000,000.00",JPY,87.779875,,#N/A,#N/A,#N/A,#N/A
CAN,AMR,1992,2.2,1992,CAN1992,76,76.32,926815,"5,560,890,000,000.00",CAD,1.030163,, $-   , $-   , $-   ,75.289837
FIN,EUR,1999,5.7,1999,FIN1999,91.91,82.45,94466,"566,796,000,000.00",EUR,0.76,71326.08,58808.35,3.5285E+11,20112456986,81.69
FIN,EUR,2000,5.4,2000,FIN2000,93.88,85.05,94466,"566,796,000,000.00",EUR,0.76,71326.08,60662.83,3.63977E+11,19654757524,84.29
FIN,EUR,2001,5.4,2001,FIN2001,95.44,87.39,94466,"566,796,000,000.00",EUR,0.76,71326.08,62331.86,3.73991E+11,20195523340,86.63
FIN,EUR,2002,5.5,2002,FIN2002,97.09,88.88,94466,"566,796,000,000.00",EUR,0.76,71326.08,63394.62,3.80368E+11,20920224853,88.12
FIN,EUR,2003,5.4,2003,FIN2003,98.39,89.77,94466,"566,796,000,000.00",EUR,0.76,71326.08,64029.42,3.84177E+11,20745533015,89.01
FIN,EUR,2004,4.8,2004,FIN2004,83.89,90.03,94466,"566,796,000,000.00",EUR,0.76,71326.08,64214.87,3.85289E+11,18493882761,89.27
FIN,EUR,2005,4.6,2005,FIN2005,81.29,90.89,94466,"566,796,000,000.00",EUR,0.76,71326.08,64828.27,3.8897E+11,17892603898,90.13
FIN,EUR,2006,4.6,2006,FIN2006,81.69,92.01,94466,"566,796,000,000.00",EUR,0.76,71326.08,65627.13,3.93763E+11,18113087080,91.25
FIN,EUR,2007,4.7,2007,FIN2007,84.62,93.74,94466,"566,796,000,000.00",EUR,0.76,71326.08,66861.07,4.01166E+11,18854821261,92.98
FIN,EUR,2008,4.6,2008,FIN2008,90.4,96.78,94466,"566,796,000,000.00",EUR,0.76,71326.08,69029.38,4.14176E+11,19052109201,96.02
FIN,EUR,2009,4.8,2009,FIN2009,96.62,98.65,94466,"566,796,000,000.00",EUR,0.76,71326.08,70363.18,4.22179E+11,20264595517,97.89
THA,SEAR,1992,2.5,1992,THA1992,#N/A,#N/A,#N/A,#N/A,#N/A,#N/A,,#N/A,#N/A,#N/A,#N/A
FIN,EUR,2010,4.7,2010,FIN2010,100,100,94466,"566,796,000,000.00",EUR,0.76,71326.08,71326.08,4.27956E+11,20113954834,99.24
FIN,EUR,2011,4.5,2011,FIN2011,100.63,103.18,94466,"566,796,000,000.00",EUR,0.76,71326.08,73594.25,4.41566E+11,19870447593,102.42
FIN,EUR,2012,4.4,2012,FIN2012,107.43,106.14,94466,"566,796,000,000.00",EUR,0.76,71326.08,75705.5,4.54233E+11,19986252618,105.38
FIN,EUR,2013,4.3,2013,FIN2013,108.62,108.78,94466,"566,796,000,000.00",EUR,0.76,71326.08,77588.51,4.65531E+11,20017835807,108.02
FIN,EUR,2014,4.2,2014,FIN2014,112.19,110.34,94466,"566,796,000,000.00",EUR,0.76,71326.08,78701.2,4.72207E+11,19832701831,109.58
FIN,EUR,2015,4.1,2015,FIN2015,111.75,110.83,94466,"566,796,000,000.00",EUR,0.76,71326.08,79050.7,4.74304E+11,19446471103,110.07
GRC,EUR,2000,0.9,2000,GRC2000,66.88,74.79,152037.7152,"912,226,291,200.00",EUR,0.76,114795.32,85855.42,5.15133E+11,4636192536,74.03
AUS,WPR,1993,2.9,1993,AUS1993,60.89,66.82,775116,"4,650,696,000,000.00",AUD,1.090159,, $-   , $-   , $-   ,65.729841
GRC,EUR,2002,0.9,2002,GRC2002,71.17,78.55,152037.7152,"912,226,291,200.00",EUR,0.76,114795.32,90171.72,5.4103E+11,4869272947,77.79
GRC,EUR,2003,1,2003,GRC2003,72.68,80.51,152037.7152,"912,226,291,200.00",EUR,0.76,114795.32,92421.71,5.5453E+11,5545302567,79.75
GRC,EUR,2004,1,2004,GRC2004,75.15,83.18,152037.7152,"912,226,291,200.00",EUR,0.76,114795.32,95486.74,5.7292E+11,5729204665,82.42
GRC,EUR,2005,1,2005,GRC2005,75.15,85.63,152037.7152,"912,226,291,200.00",EUR,0.76,114795.32,98299.23,5.89795E+11,5897953780,84.87
GRC,EUR,2006,1,2006,GRC2006,77.22,88.4,152037.7152,"912,226,291,200.00",EUR,0.76,114795.32,101479.06,6.08874E+11,6088743596,87.64
GRC,EUR,2007,0.9,2007,GRC2007,80.84,91.64,152037.7152,"912,226,291,200.00",EUR,0.76,114795.32,105198.43,6.31191E+11,5680715123,90.88
GRC,EUR,2008,0.9,2008,GRC2008,84.53,95.61,152037.7152,"912,226,291,200.00",EUR,0.76,114795.32,109755.8,6.58535E+11,5926813323,94.85
SYC,AFR,1993,22,1993,SYC1993,#N/A,#N/A,#N/A,#N/A,#N/A,#N/A,,#N/A,#N/A,#N/A,#N/A
GRC,EUR,2009,0.9,2009,GRC2009,87.71,96.51,152037.7152,"912,226,291,200.00",EUR,0.76,114795.32,110788.96,6.64734E+11,5982603847,95.75
AUT,EUR,1995,1.7,1995,AUT1995,88.57,79.33,152497.08,"914,982,480,000.00",EUR,0.76,115142.16,91342.27,5.48054E+11,9316911923,78.57
CAN,AMR,1993,2.2,1993,CAN1993,77.18,77.84,926815,"5,560,890,000,000.00",CAD,1.030163,, $-   , $-   , $-   ,76.809837
AUT,EUR,1996,1.6,1996,AUT1996,88.18,80.48,152497.08,"914,982,480,000.00",EUR,0.76,115142.16,92666.41,5.55998E+11,8895975223,79.72
JPN,WPR,1993,1.2,1993,JPN1993,#N/A,#N/A,282864600,"1,697,187,600,000,000.00",JPY,87.779875,,#N/A,#N/A,#N/A,#N/A
AUT,EUR,1997,1.6,1997,AUT1997,88.32,81.72,152497.08,"914,982,480,000.00",EUR,0.76,115142.16,94094.17,5.64565E+11,9033040448,80.96
AUT,EUR,1998,1.5,1998,AUT1998,88.41,81.9,152497.08,"914,982,480,000.00",EUR,0.76,115142.16,94301.43,5.65809E+11,8487128449,81.14
AUT,EUR,1999,1.5,1999,AUT1999,88.32,81.96,152497.08,"914,982,480,000.00",EUR,0.76,115142.16,94370.51,5.66223E+11,8493346126,81.2
AUT,EUR,2000,1.4,2000,AUT2000,87.17,83.64,152497.08,"914,982,480,000.00",EUR,0.76,115142.16,96304.9,5.77829E+11,8089611664,82.88
AUT,EUR,2001,1.4,2001,AUT2001,89.07,85.66,152497.08,"914,982,480,000.00",EUR,0.76,115142.16,98630.77,5.91785E+11,8284984877,84.9
CAN,AMR,1994,2.2,1994,CAN1994,77.12,78.66,926815,"5,560,890,000,000.00",CAD,1.030163,, $-   , $-   , $-   ,77.629837
AUS,WPR,1994,2.9,1994,AUS1994,63.07,68.2,775116,"4,650,696,000,000.00",AUD,1.090159,, $-   , $-   , $-   ,67.109841
AUT,EUR,2002,1.4,2002,AUT2002,90.12,86.58,152497.08,"914,982,480,000.00",EUR,0.76,115142.16,99690.08,5.9814E+11,8373966736,85.82
JPN,WPR,1994,1.1,1994,JPN1994,#N/A,109.19,282864600,"1,697,187,600,000,000.00",JPY,87.779875,, $-   , $-   , $-   ,21.410125
AUT,EUR,2003,1.4,2003,AUT2003,91.78,87.94,152497.08,"914,982,480,000.00",EUR,0.76,115142.16,101256.01,6.07536E+11,8505505138,87.18
AUT,EUR,2004,1.4,2004,AUT2004,93.61,89.46,152497.08,"914,982,480,000.00",EUR,0.76,115142.16,103006.17,6.18037E+11,8652518645,88.7
AUT,EUR,2005,1.4,2005,AUT2005,91.31,91.67,152497.08,"914,982,480,000.00",EUR,0.76,115142.16,105550.82,6.33305E+11,8866268546,90.91
AUT,EUR,2006,1.3,2006,AUT2006,91.23,93.63,152497.08,"914,982,480,000.00",EUR,0.76,115142.16,107807.6,6.46846E+11,8408992981,92.87
AUT,EUR,2007,1.3,2007,AUT2007,92.7,96.01,152497.08,"914,982,480,000.00",EUR,0.76,115142.16,110547.99,6.63288E+11,8622742883,95.25
AUT,EUR,2008,1.4,2008,AUT2008,96.61,98,152497.08,"914,982,480,000.00",EUR,0.76,115142.16,112839.31,6.77036E+11,9478502428,97.24
AUT,EUR,2009,1.4,2009,AUT2009,99.71,98.26,152497.08,"914,982,480,000.00",EUR,0.76,115142.16,113138.68,6.78832E+11,9503649475,97.5
MEX,AMR,1994,1,1994,MEX1994,25.74,21.17,8734843.839,"52,409,063,034,000.00",MXN,12.636008,, $-   , $-   , $-   ,8.533992
AUT,EUR,2010,1.4,2010,AUT2010,100,100,152497.08,"914,982,480,000.00",EUR,0.76,115142.16,115142.16,6.90853E+11,9671941253,99.24
AUT,EUR,2011,1.4,2011,AUT2011,102.48,103.2,152497.08,"914,982,480,000.00",EUR,0.76,115142.16,118826.71,7.1296E+11,9981443373,102.44
AUT,EUR,2012,1.4,2012,AUT2012,105.66,105.65,152497.08,"914,982,480,000.00",EUR,0.76,115142.16,121647.69,7.29886E+11,10218405933,104.89
AUT,EUR,2013,1.4,2013,AUT2013,108.58,107.94,152497.08,"914,982,480,000.00",EUR,0.76,115142.16,124284.45,7.45707E+11,10439893388,107.18
AUT,EUR,2014,1.4,2014,AUT2014,112.69,110.1,152497.08,"914,982,480,000.00",EUR,0.76,115142.16,126771.52,7.60629E+11,10648807319,109.34
AUT,EUR,2015,1.4,2015,AUT2015,115.79,111.77,152497.08,"914,982,480,000.00",EUR,0.76,115142.16,128694.39,7.72166E+11,10810328738,111.01
AUT,EUR,2016,1.3,2016,AUT2016,117.7,113.26,152497.08,"914,982,480,000.00",EUR,0.76,115142.16,130410.01,7.8246E+11,10171980615,112.5
NLD,EUR,2010,0.7,2010,NLD2010,100,100,285227,"1,711,362,000,000.00",EUR,0.76,215359.22,215359.22,1.29216E+12,9045087249,99.24
USA,AMR,1995,0.9,1995,USA1995,75.28,74.84,"9,891,397.00","59,348,382,000,000.00",USD,1,, $-   , $-   , $-   ,73.84
JPN,WPR,1995,1.2,1995,JPN1995,#N/A,108.79,282864600,"1,697,187,600,000,000.00",JPY,87.779875,, $-   , $-   , $-   ,21.010125
NLD,EUR,2011,0.07,2011,NLD2011,102.47,102.05,285227,"1,711,362,000,000.00",EUR,0.76,215359.22,219774.08,1.31864E+12,923051153.8,101.29
NLD,EUR,2012,0.8,2012,NLD2012,106.29,103.36,285227,"1,711,362,000,000.00",EUR,0.76,215359.22,222595.29,1.33557E+12,10684573921,102.6
NLD,EUR,2013,0.8,2013,NLD2013,110.52,105.47,285227,"1,711,362,000,000.00",EUR,0.76,215359.22,227139.37,1.36284E+12,10902689739,104.71
CAN,AMR,1995,2.2,1995,CAN1995,78.04,79.75,926815,"5,560,890,000,000.00",CAD,1.030163,, $-   , $-   , $-   ,78.719837
NLD,EUR,2014,0.8,2014,NLD2014,111.28,106.42,285227,"1,711,362,000,000.00",EUR,0.76,215359.22,229185.28,1.37511E+12,11000893543,105.66
ESP,EUR,1992,1.3,1992,ESP1992,#N/A,#N/A,607981,"3,647,886,000,000.00",EUR,0.76,459053.01,#N/A,#N/A,#N/A,#N/A
GBR,EUR,1990,6.5,1990,GBR1990,#N/A,#N/A,983196,"5,899,176,000,000.00",GBP,0.65,636303.8,#N/A,#N/A,#N/A,#N/A
GBR,EUR,1991,6.5,1991,GBR1991,#N/A,#N/A,983196,"5,899,176,000,000.00",GBP,0.65,636303.8,#N/A,#N/A,#N/A,#N/A
GBR,EUR,1992,6.3,1992,GBR1992,#N/A,#N/A,983196,"5,899,176,000,000.00",GBP,0.65,636303.8,#N/A,#N/A,#N/A,#N/A
GBR,EUR,1993,6.2,1993,GBR1993,#N/A,#N/A,983196,"5,899,176,000,000.00",GBP,0.65,636303.8,#N/A,#N/A,#N/A,#N/A
GBR,EUR,1994,6.2,1994,GBR1994,#N/A,#N/A,983196,"5,899,176,000,000.00",GBP,0.65,636303.8,#N/A,#N/A,#N/A,#N/A
GBR,EUR,1995,6,1995,GBR1995,84.85,79.48,983196,"5,899,176,000,000.00",GBP,0.65,636303.8,505734.26,3.03441E+12,1.82064E+11,78.83
JPN,WPR,1996,1.2,1996,JPN1996,#N/A,108.82,282864600,"1,697,187,600,000,000.00",JPY,87.779875,, $-   , $-   , $-   ,21.040125
CAN,AMR,1996,2,1996,CAN1996,79.85,81.09,926815,"5,560,890,000,000.00",CAD,1.030163,, $-   , $-   , $-   ,80.059837
GBR,EUR,1996,6.2,1996,GBR1996,85.8,82.01,983196,"5,899,176,000,000.00",GBP,0.65,636303.8,521832.75,3.131E+12,1.94122E+11,81.36
GBR,EUR,1997,6.1,1997,GBR1997,86.83,83.72,983196,"5,899,176,000,000.00",GBP,0.65,636303.8,532713.54,3.19628E+12,1.94973E+11,83.07
GBR,EUR,1998,6.1,1998,GBR1998,88.15,84.82,983196,"5,899,176,000,000.00",GBP,0.65,636303.8,539712.89,3.23828E+12,1.97535E+11,84.17
GBR,EUR,1999,5.9,1999,GBR1999,88.84,85.22,983196,"5,899,176,000,000.00",GBP,0.65,636303.8,542258.1,3.25355E+12,1.91959E+11,84.57
GBR,EUR,2000,5.8,2000,GBR2000,89.41,85.75,983196,"5,899,176,000,000.00",GBP,0.65,636303.8,545630.51,3.27378E+12,1.89879E+11,85.1
JPN,WPR,1997,1.2,1997,JPN1997,#N/A,110.07,282864600,"1,697,187,600,000,000.00",JPY,87.779875,, $-   , $-   , $-   ,22.290125
CAN,AMR,1997,2,1997,CAN1997,81.53,82.44,926815,"5,560,890,000,000.00",CAD,1.030163,, $-   , $-   , $-   ,81.409837
GBR,EUR,2001,5.7,2001,GBR2001,89.01,85.91,983196,"5,899,176,000,000.00",GBP,0.65,636303.8,546648.6,3.27989E+12,1.86954E+11,85.26
GBR,EUR,2002,5.8,2002,GBR2002,88.76,86.23,983196,"5,899,176,000,000.00",GBP,0.65,636303.8,548684.77,3.29211E+12,1.90942E+11,85.58
GBR,EUR,2003,5.6,2003,GBR2003,90.02,87.08,983196,"5,899,176,000,000.00",GBP,0.65,636303.8,554093.35,3.32456E+12,1.86175E+11,86.43
GBR,EUR,2004,5.5,2004,GBR2004,88.87,88.27,983196,"5,899,176,000,000.00",GBP,0.65,636303.8,561665.37,3.36999E+12,1.8535E+11,87.62
GBR,EUR,2005,5.4,2005,GBR2005,87.34,89.91,983196,"5,899,176,000,000.00",GBP,0.65,636303.8,572100.75,3.4326E+12,1.85361E+11,89.26
GBR,EUR,2006,5.2,2006,GBR2006,88.39,92.25,983196,"5,899,176,000,000.00",GBP,0.65,636303.8,586990.26,3.52194E+12,1.83141E+11,91.6
GBR,EUR,2012,1.6,2012,GBR2012,112.41,106.16,983196,"5,899,176,000,000.00",GBP,0.65,636303.8,675500.12,4.053E+12,64848011368,105.51
ITA,EUR,1990,1.1,1990,ITA1990,#N/A,#N/A,970153,"5,820,918,000,000.00",EUR,0.76,732509.17,#N/A,#N/A,#N/A,#N/A
ITA,EUR,1991,1.1,1991,ITA1991,#N/A,#N/A,970153,"5,820,918,000,000.00",EUR,0.76,732509.17,#N/A,#N/A,#N/A,#N/A
ITA,EUR,1992,1.1,1992,ITA1992,#N/A,#N/A,970153,"5,820,918,000,000.00",EUR,0.76,732509.17,#N/A,#N/A,#N/A,#N/A
ITA,EUR,1993,1,1993,ITA1993,#N/A,#N/A,970153,"5,820,918,000,000.00",EUR,0.76,732509.17,#N/A,#N/A,#N/A,#N/A
ITA,EUR,1994,0.9,1994,ITA1994,#N/A,#N/A,970153,"5,820,918,000,000.00",EUR,0.76,732509.17,#N/A,#N/A,#N/A,#N/A
JPN,WPR,1998,1.1,1998,JPN1998,#N/A,110.08,282864600,"1,697,187,600,000,000.00",JPY,87.779875,, $-   , $-   , $-   ,22.300125
ITA,EUR,1995,0.8,1995,ITA1995,64.88,70.43,970153,"5,820,918,000,000.00",EUR,0.76,732509.17,515906.21,3.09544E+12,24763498068,69.67
ITA,EUR,1996,0.9,1996,ITA1996,71.15,73.29,970153,"5,820,918,000,000.00",EUR,0.76,732509.17,536855.97,3.22114E+12,28990222492,72.53
ITA,EUR,1997,0.8,1997,ITA1997,73.57,74.94,970153,"5,820,918,000,000.00",EUR,0.76,732509.17,548942.37,3.29365E+12,26349233924,74.18
CAN,AMR,1998,2.2,1998,CAN1998,83.04,83.44,926815,"5,560,890,000,000.00",CAD,1.030163,, $-   , $-   , $-   ,82.409837
ITA,EUR,1998,0.8,1998,ITA1998,76.31,76.38,970153,"5,820,918,000,000.00",EUR,0.76,732509.17,559490.51,3.35694E+12,26855544263,75.62
USA,AMR,1998,0.9,1998,USA1998,78.71,78.26,"9,891,397.00","59,348,382,000,000.00",USD,1,, $-   , $-   , $-   ,77.26
ITA,EUR,1999,0.8,1999,ITA1999,78.03,77.83,970153,"5,820,918,000,000.00",EUR,0.76,732509.17,570111.89,3.42067E+12,27365370647,77.07
ITA,EUR,2000,0.8,2000,ITA2000,79.22,80.47,970153,"5,820,918,000,000.00",EUR,0.76,732509.17,589450.13,3.5367E+12,28293606270,79.71
AUS,WPR,1999,2.9,1999,AUS1999,70.31,74.23,775116,"4,650,696,000,000.00",AUD,1.090159,, $-   , $-   , $-   ,73.139841
USA,AMR,1999,0.9,1999,USA1999,80.36,79.39,"9,891,397.00","59,348,382,000,000.00",USD,1,, $-   , $-   , $-   ,78.39
JPN,WPR,1999,1.2,1999,JPN1999,#N/A,109.34,282864600,"1,697,187,600,000,000.00",JPY,87.779875,, $-   , $-   , $-   ,21.560125
ITA,EUR,2001,0.8,2001,ITA2001,81.15,82.58,970153,"5,820,918,000,000.00",EUR,0.76,732509.17,604906.07,3.62944E+12,29035491559,81.82
ITA,EUR,2002,0.8,2002,ITA2002,83.02,84.98,970153,"5,820,918,000,000.00",EUR,0.76,732509.17,622486.29,3.73492E+12,29879342125,84.22
CAN,AMR,1999,2,1999,CAN1999,84.64,84.84,926815,"5,560,890,000,000.00",CAD,1.030163,, $-   , $-   , $-   ,83.809837
ITA,EUR,2003,0.8,2003,ITA2003,86.41,87.43,970153,"5,820,918,000,000.00",EUR,0.76,732509.17,640432.77,3.8426E+12,30740772911,86.67
ITA,EUR,2004,0.8,2004,ITA2004,89.1,89.55,970153,"5,820,918,000,000.00",EUR,0.76,732509.17,655961.96,3.93577E+12,31486174244,88.79
ITA,EUR,2005,0.8,2005,ITA2005,89.67,91.45,970153,"5,820,918,000,000.00",EUR,0.76,732509.17,669879.64,4.01928E+12,32154222609,90.69
ITA,EUR,2006,0.8,2006,ITA2006,90.39,93.82,970153,"5,820,918,000,000.00",EUR,0.76,732509.17,687240.11,4.12344E+12,32987525043,93.06
ITA,EUR,2007,0.7,2007,ITA2007,91.89,95.97,970153,"5,820,918,000,000.00",EUR,0.76,732509.17,702989.05,4.21793E+12,29525540195,95.21
ITA,EUR,2008,0.7,2008,ITA2008,96,98.96,970153,"5,820,918,000,000.00",EUR,0.76,732509.17,724891.08,4.34935E+12,30445425213,98.2
ITA,EUR,2009,0.7,2009,ITA2009,98.91,98.59,970153,"5,820,918,000,000.00",EUR,0.76,732509.17,722180.79,4.33308E+12,30331593288,97.83
ITA,EUR,2010,0.7,2010,ITA2010,100,100,970153,"5,820,918,000,000.00",EUR,0.76,732509.17,732509.17,4.39506E+12,30765385219,99.24
USA,AMR,2000,1,2000,USA2000,82.73,81.31,"9,891,397.00","59,348,382,000,000.00",USD,1,, $-   , $-   , $-   ,80.31
ITA,EUR,2014,1.4,2014,ITA2014,114.85,107.23,970153,"5,820,918,000,000.00",EUR,0.76,732509.17,785469.59,4.71282E+12,65979445141,106.47
ITA,EUR,2015,1.6,2015,ITA2015,115.96,107.44,970153,"5,820,918,000,000.00",EUR,0.76,732509.17,787007.85,4.72205E+12,75552754010,106.68
ITA,EUR,2016,1.6,2016,ITA2016,115.66,107.69,970153,"5,820,918,000,000.00",EUR,0.76,732509.17,788839.13,4.73303E+12,75728556211,106.93
FRA,EUR,2006,1.4,2006,FRA2006,91.76,95.67,1064884,"6,389,304,000,000.00",EUR,0.76,804035.34,769220.61,4.61532E+12,64614531204,94.91
POL,EUR,1990,8.5,1990,POL1990,#N/A,#N/A,875207.5,"5,251,245,000,000.00",PLN,3.02,2639013.17,#N/A,#N/A,#N/A,#N/A
CAN,AMR,2000,2.1,2000,CAN2000,85.88,86.78,926815,"5,560,890,000,000.00",CAD,1.030163,, $-   , $-   , $-   ,85.749837
POL,EUR,1991,8.5,1991,POL1991,#N/A,#N/A,875207.5,"5,251,245,000,000.00",PLN,3.02,2639013.17,#N/A,#N/A,#N/A,#N/A
POL,EUR,1992,7.2,1992,POL1992,#N/A,#N/A,875207.5,"5,251,245,000,000.00",PLN,3.02,2639013.17,#N/A,#N/A,#N/A,#N/A
POL,EUR,1993,6.8,1993,POL1993,#N/A,#N/A,875207.5,"5,251,245,000,000.00",PLN,3.02,2639013.17,#N/A,#N/A,#N/A,#N/A
JPN,WPR,2000,1.2,2000,JPN2000,#N/A,108.31,282864600,"1,697,187,600,000,000.00",JPY,87.779875,, $-   , $-   , $-   ,20.530125
POL,EUR,2012,0.8,2012,POL2012,103.3,108.41,875207.5,"5,251,245,000,000.00",PLN,3.02,2639013.17,2860954.18,1.71657E+13,1.37326E+11,105.39
DNK,EUR,1994,2.4,1994,DNK1994,87.86,74.32,834283,"5,005,698,000,000.00",DKK,5.62,4692070.16,3487146.55,2.09229E+13,5.02149E+11,68.7
DNK,EUR,1998,2.3,1998,DNK1998,90.51,79.53,834283,"5,005,698,000,000.00",DKK,5.62,4692070.16,3731603.4,2.23896E+13,5.14961E+11,73.91
DNK,EUR,1999,2.3,1999,DNK1999,90.1,81.01,834283,"5,005,698,000,000.00",DKK,5.62,4692070.16,3801046.04,2.28063E+13,5.24544E+11,75.39
DNK,EUR,2000,2.3,2000,DNK2000,92.91,83.27,834283,"5,005,698,000,000.00",DKK,5.62,4692070.16,3907086.82,2.34425E+13,5.39178E+11,77.65
DNK,EUR,2001,2.3,2001,DNK2001,93.13,85.2,834283,"5,005,698,000,000.00",DKK,5.62,4692070.16,3997643.78,2.39859E+13,5.51675E+11,79.58
DNK,EUR,2002,2.2,2002,DNK2002,93.46,86.75,834283,"5,005,698,000,000.00",DKK,5.62,4692070.16,4070370.87,2.44222E+13,5.37289E+11,81.13
DNK,EUR,2003,2.3,2003,DNK2003,92.63,87.75,834283,"5,005,698,000,000.00",DKK,5.62,4692070.16,4117291.57,2.47037E+13,5.68186E+11,82.13
DNK,EUR,2004,1.9,2004,DNK2004,88.84,88.74,834283,"5,005,698,000,000.00",DKK,5.62,4692070.16,4163743.06,2.49825E+13,4.74667E+11,83.12
DNK,EUR,2005,1.9,2005,DNK2005,88.08,90.2,834283,"5,005,698,000,000.00",DKK,5.62,4692070.16,4232247.29,2.53935E+13,4.82476E+11,84.58
DNK,EUR,2006,1.8,2006,DNK2006,88.87,92.18,834283,"5,005,698,000,000.00",DKK,5.62,4692070.16,4325150.28,2.59509E+13,4.67116E+11,86.56
DNK,EUR,2007,1.7,2007,DNK2007,90.25,93.76,834283,"5,005,698,000,000.00",DKK,5.62,4692070.16,4399284.99,2.63957E+13,4.48727E+11,88.14
USA,AMR,2001,0.9,2001,USA2001,84.4,82.82,"9,891,397.00","59,348,382,000,000.00",USD,1,, $-   , $-   , $-   ,81.82
DNK,EUR,2008,1.7,2008,DNK2008,96.44,96.46,834283,"5,005,698,000,000.00",DKK,5.62,4692070.16,4525970.88,2.71558E+13,4.61649E+11,90.84
JPN,WPR,2001,1.1,2001,JPN2001,#N/A,107.15,282864600,"1,697,187,600,000,000.00",JPY,87.779875,, $-   , $-   , $-   ,19.370125
DNK,EUR,2009,1.7,2009,DNK2009,99.36,97.6,834283,"5,005,698,000,000.00",DKK,5.62,4692070.16,4579460.48,2.74768E+13,4.67105E+11,91.98
DNK,EUR,2010,1.6,2010,DNK2010,100,100,834283,"5,005,698,000,000.00",DKK,5.62,4692070.16,4692070.16,2.81524E+13,4.50439E+11,94.38
DNK,EUR,2011,1.6,2011,DNK2011,99.98,102.41,834283,"5,005,698,000,000.00",DKK,5.62,4692070.16,4805149.05,2.88309E+13,4.61294E+11,96.79
CAN,AMR,2001,2,2001,CAN2001,87.85,88.55,926815,"5,560,890,000,000.00",CAD,1.030163,, $-   , $-   , $-   ,87.519837
DNK,EUR,2012,1.7,2012,DNK2012,107.84,104.88,834283,"5,005,698,000,000.00",DKK,5.62,4692070.16,4921043.19,2.95263E+13,5.01946E+11,99.26
DNK,EUR,2013,1.8,2013,DNK2013,110.01,105.74,834283,"5,005,698,000,000.00",DKK,5.62,4692070.16,4961394.99,2.97684E+13,5.35831E+11,100.12
DNK,EUR,2014,1.7,2014,DNK2014,109.23,106.34,834283,"5,005,698,000,000.00",DKK,5.62,4692070.16,4989547.41,2.99373E+13,5.08934E+11,100.72
DNK,EUR,2015,1.7,2015,DNK2015,110.27,106.75,834283,"5,005,698,000,000.00",DKK,5.62,4692070.16,5008784.9,3.00527E+13,5.10896E+11,101.13
NOR,EUR,1990,4.6,1990,NOR1990,63.11,66.36,1038351,"6,230,106,000,000.00",NOK,6.04,6275966.85,4164731.6,2.49884E+13,1.14947E+12,60.32
NOR,EUR,1991,4.6,1991,NOR1991,67.37,68.79,1038351,"6,230,106,000,000.00",NOK,6.04,6275966.85,4317237.6,2.59034E+13,1.19156E+12,62.75
CAN,AMR,2002,2.1,2002,CAN2002,89.82,90.3,926815,"5,560,890,000,000.00",CAD,1.030163,, $-   , $-   , $-   ,89.269837
USA,AMR,2002,0.9,2002,USA2002,86,83.93,"9,891,397.00","59,348,382,000,000.00",USD,1,, $-   , $-   , $-   ,82.93
NOR,EUR,1992,4.4,1992,NOR1992,71.76,70.37,1038351,"6,230,106,000,000.00",NOK,6.04,6275966.85,4416397.87,2.64984E+13,1.16593E+12,64.33
NOR,EUR,1993,4.2,1993,NOR1993,73.26,72.14,1038351,"6,230,106,000,000.00",NOK,6.04,6275966.85,4527482.48,2.71649E+13,1.14093E+12,66.1
JPN,WPR,2002,1.1,2002,JPN2002,#N/A,105.67,282864600,"1,697,187,600,000,000.00",JPY,87.779875,, $-   , $-   , $-   ,17.890125
NOR,EUR,1994,4.2,1994,NOR1994,72.37,72.83,1038351,"6,230,106,000,000.00",NOK,6.04,6275966.85,4570786.66,2.74247E+13,1.15184E+12,66.79
NOR,EUR,1995,4.1,1995,NOR1995,74.31,74.5,1038351,"6,230,106,000,000.00",NOK,6.04,6275966.85,4675595.3,2.80536E+13,1.1502E+12,68.46
NOR,EUR,1996,4,1996,NOR1996,75.19,75.35,1038351,"6,230,106,000,000.00",NOK,6.04,6275966.85,4728941.02,2.83736E+13,1.13495E+12,69.31
NOR,EUR,1997,4.1,1997,NOR1997,78.38,77.12,1038351,"6,230,106,000,000.00",NOK,6.04,6275966.85,4840025.63,2.90402E+13,1.19065E+12,71.08
NOR,EUR,1998,4.1,1998,NOR1998,83.12,79.03,1038351,"6,230,106,000,000.00",NOK,6.04,6275966.85,4959896.6,2.97594E+13,1.22013E+12,72.99
NOR,EUR,1999,3.9,1999,NOR1999,84.47,80.55,1038351,"6,230,106,000,000.00",NOK,6.04,6275966.85,5055291.3,3.03317E+13,1.18294E+12,74.51
NOR,EUR,2000,3.9,2000,NOR2000,87.16,82.85,1038351,"6,230,106,000,000.00",NOK,6.04,6275966.85,5199638.53,3.11978E+13,1.21672E+12,76.81
NOR,EUR,2001,3.9,2001,NOR2001,88.92,84.6,1038351,"6,230,106,000,000.00",NOK,6.04,6275966.85,5309467.95,3.18568E+13,1.24242E+12,78.56
JPN,WPR,2003,1.1,2003,JPN2003,#N/A,104.57,282864600,"1,697,187,600,000,000.00",JPY,87.779875,, $-   , $-   , $-   ,16.790125
NOR,EUR,2002,3.5,2002,NOR2002,88.06,85.72,1038351,"6,230,106,000,000.00",NOK,6.04,6275966.85,5379758.78,3.22786E+13,1.12975E+12,79.68
NOR,EUR,2003,3.2,2003,NOR2003,87.42,88.14,1038351,"6,230,106,000,000.00",NOK,6.04,6275966.85,5531637.18,3.31898E+13,1.06207E+12,82.1
NOR,EUR,2004,3.2,2004,NOR2004,86.63,89.18,1038351,"6,230,106,000,000.00",NOK,6.04,6275966.85,5596907.24,3.35814E+13,1.07461E+12,83.14
CAN,AMR,2003,2.1,2003,CAN2003,91.42,91.76,926815,"5,560,890,000,000.00",CAD,1.030163,, $-   , $-   , $-   ,90.729837
NOR,EUR,2005,3.1,2005,NOR2005,88.34,90.08,1038351,"6,230,106,000,000.00",NOK,6.04,6275966.85,5653390.94,3.39203E+13,1.05153E+12,84.04
USA,AMR,2003,1,2003,USA2003,87.34,85.69,"9,891,397.00","59,348,382,000,000.00",USD,1,, $-   , $-   , $-   ,84.69
NOR,EUR,2006,2.9,2006,NOR2006,89.65,91.6,1038351,"6,230,106,000,000.00",NOK,6.04,6275966.85,5748785.63,3.44927E+13,1.00029E+12,85.56
NOR,EUR,2007,2.8,2007,NOR2007,90.45,92.56,1038351,"6,230,106,000,000.00",NOK,6.04,6275966.85,5809034.92,3.48542E+13,9.75918E+11,86.52
NOR,EUR,2008,2.7,2008,NOR2008,93.68,95.66,1038351,"6,230,106,000,000.00",NOK,6.04,6275966.85,6003589.89,3.60215E+13,9.72582E+11,89.62
NOR,EUR,2009,2.2,2009,NOR2009,98.36,97.99,1038351,"6,230,106,000,000.00",NOK,6.04,6275966.85,6149819.91,3.68989E+13,8.11776E+11,91.95
NOR,EUR,2010,2.1,2010,NOR2010,100,100,1038351,"6,230,106,000,000.00",NOK,6.04,6275966.85,6275966.85,3.76558E+13,7.90772E+11,93.96
NOR,EUR,2011,2,2011,NOR2011,104.87,100.97,1038351,"6,230,106,000,000.00",NOK,6.04,6275966.85,6336843.73,3.80211E+13,7.60421E+11,94.93
USA,AMR,2004,1.1,2004,USA2004,89.32,87.91,"9,891,397.00","59,348,382,000,000.00",USD,1,, $-   , $-   , $-   ,86.91
NOR,EUR,2012,2.2,2012,NOR2012,107.6,101.96,1038351,"6,230,106,000,000.00",NOK,6.04,6275966.85,6398975.8,3.83939E+13,8.44665E+11,95.92
NOR,EUR,2013,2.3,2013,NOR2013,112.31,104.06,1038351,"6,230,106,000,000.00",NOK,6.04,6275966.85,6530771.1,3.91846E+13,9.01246E+11,98.02
NOR,EUR,2014,2.2,2014,NOR2014,115.02,106.35,1038351,"6,230,106,000,000.00",NOK,6.04,6275966.85,6674490.74,4.00469E+13,8.81033E+11,100.31
AUS,WPR,2004,2.6,2004,AUS2004,84.66,84.56,775116,"4,650,696,000,000.00",AUD,1.090159,, $-   , $-   , $-   ,83.469841
JPN,WPR,2004,1.1,2004,JPN2004,#N/A,103.99,282864600,"1,697,187,600,000,000.00",JPY,87.779875,, $-   , $-   , $-   ,16.210125
SWE,EUR,1992,3.7,1992,SWE1992,#N/A,#N/A,1583426,"9,500,556,000,000.00",SEK,7.21,11412580.9,#N/A,#N/A,#N/A,#N/A
CAN,AMR,2004,2.1,2004,CAN2004,93.64,93.03,926815,"5,560,890,000,000.00",CAD,1.030163,, $-   , $-   , $-   ,91.999837
SWE,EUR,1995,3.1,1995,SWE1995,85.76,81.21,1583426,"9,500,556,000,000.00",SEK,7.21,11412580.9,9268156.95,5.56089E+13,1.72388E+12,74
SWE,EUR,1997,3.2,1997,SWE1997,88.48,82.98,1583426,"9,500,556,000,000.00",SEK,7.21,11412580.9,9470159.63,5.6821E+13,1.81827E+12,75.77
SWE,EUR,1999,3.4,1999,SWE1999,92.63,84.48,1583426,"9,500,556,000,000.00",SEK,7.21,11412580.9,9641348.34,5.78481E+13,1.96684E+12,77.27
SWE,EUR,2000,3.3,2000,SWE2000,94.13,85.2,1583426,"9,500,556,000,000.00",SEK,7.21,11412580.9,9723518.92,5.83411E+13,1.92526E+12,77.99
SWE,EUR,2001,3.1,2001,SWE2001,94.66,86.98,1583426,"9,500,556,000,000.00",SEK,7.21,11412580.9,9926662.86,5.956E+13,1.84636E+12,79.77
SWE,EUR,2002,3,2002,SWE2002,93.85,88.18,1583426,"9,500,556,000,000.00",SEK,7.21,11412580.9,10063613.84,6.03817E+13,1.81145E+12,80.97
SWE,EUR,2003,3,2003,SWE2003,94.5,89.61,1583426,"9,500,556,000,000.00",SEK,7.21,11412580.9,10226813.74,6.13609E+13,1.84083E+12,82.4
SWE,EUR,2004,2.8,2004,SWE2004,94.41,90.24,1583426,"9,500,556,000,000.00",SEK,7.21,11412580.9,10298713,6.17923E+13,1.73018E+12,83.03
SWE,EUR,2005,2.8,2005,SWE2005,94.17,91.21,1583426,"9,500,556,000,000.00",SEK,7.21,11412580.9,10409415.04,6.24565E+13,1.74878E+12,84
SWE,EUR,2007,2.7,2007,SWE2007,93.66,93.57,1583426,"9,500,556,000,000.00",SEK,7.21,11412580.9,10678751.95,6.40725E+13,1.72996E+12,86.36
SWE,EUR,2008,2.7,2008,SWE2008,96.57,96.46,1583426,"9,500,556,000,000.00",SEK,7.21,11412580.9,11008575.53,6.60515E+13,1.78339E+12,89.25
JPN,WPR,2005,1.1,2005,JPN2005,#N/A,103.51,282864600,"1,697,187,600,000,000.00",JPY,87.779875,, $-   , $-   , $-   ,15.730125
SWE,EUR,2009,2.9,2009,SWE2009,98.66,98.54,1583426,"9,500,556,000,000.00",SEK,7.21,11412580.9,11245957.22,6.74757E+13,1.9568E+12,91.33
SWE,EUR,2010,1.9,2010,SWE2010,100,100,1583426,"9,500,556,000,000.00",SEK,7.21,11412580.9,11412580.9,6.84755E+13,1.30103E+12,92.79
SWE,EUR,2011,1.9,2011,SWE2011,99.73,101.64,1583426,"9,500,556,000,000.00",SEK,7.21,11412580.9,11599747.22,6.95985E+13,1.32237E+12,94.43
SWE,EUR,2012,1.9,2012,SWE2012,100.35,102.13,1583426,"9,500,556,000,000.00",SEK,7.21,11412580.9,11655668.87,6.9934E+13,1.32875E+12,94.92
COK,WPR,2005,1.2,2005,COK2005,#N/A,#N/A,#N/A,#N/A,#N/A,#N/A,,#N/A,#N/A,#N/A,#N/A
SWE,EUR,2013,1.9,2013,SWE2013,100.86,102.8,1583426,"9,500,556,000,000.00",SEK,7.21,11412580.9,11732133.16,7.03928E+13,1.33746E+12,95.59
SWE,EUR,2014,1.9,2014,SWE2014,102.86,103.9,1583426,"9,500,556,000,000.00",SEK,7.21,11412580.9,11857671.55,7.1146E+13,1.35177E+12,96.69
CZE,EUR,2010,1.1,2010,CZE2010,100,100,1912766,"11,476,596,000,000.00",CZK,19.1,36530483.26,36530483.26,2.19183E+14,2.41101E+12,80.9
CZE,EUR,2011,1.1,2011,CZE2011,102.69,101.77,1912766,"11,476,596,000,000.00",CZK,19.1,36530483.26,37177072.81,2.23062E+14,2.45369E+12,82.67
CZE,EUR,2012,1.1,2012,CZE2012,105.72,104.04,1912766,"11,476,596,000,000.00",CZK,19.1,36530483.26,38006314.78,2.28038E+14,2.50842E+12,84.94
USA,AMR,2005,0.9,2005,USA2005,90.39,90.43,"9,891,397.00","59,348,382,000,000.00",USD,1,, $-   , $-   , $-   ,89.43
CZE,EUR,2013,1.2,2013,CZE2013,109.2,104.93,1912766,"11,476,596,000,000.00",CZK,19.1,36530483.26,38331436.08,2.29989E+14,2.75986E+12,85.83
LBN,EMR,2005,0.1,2005,LBN2005,#N/A,#N/A,#N/A,#N/A,#N/A,#N/A,,#N/A,#N/A,#N/A,#N/A
CZE,EUR,2014,1.2,2014,CZE2014,110.95,105.57,1912766,"11,476,596,000,000.00",CZK,19.1,36530483.26,38565231.18,2.31391E+14,2.7767E+12,86.47
CAN,AMR,2005,2,2005,CAN2005,95.18,94.54,926815,"5,560,890,000,000.00",CAD,1.030163,, $-   , $-   , $-   ,93.509837
CZE,EUR,2015,1.2,2015,CZE2015,112.18,105.73,1912766,"11,476,596,000,000.00",CZK,19.1,36530483.26,38623679.95,2.31742E+14,2.7809E+12,86.63
CZE,EUR,2016,1.5,2016,CZE2016,115.7,106.31,1912766,"11,476,596,000,000.00",CZK,19.1,36530483.26,38835556.75,2.33013E+14,3.4952E+12,87.21
ISL,EUR,1990,3.4,1990,ISL1990,#N/A,#N/A,830308.1337,"4,981,848,802,200.00",ISK,122.24,101498250.4,#N/A,#N/A,#N/A,#N/A
MEX,AMR,2006,2,2006,MEX2006,84.81,82.08,8734843.839,"52,409,063,034,000.00",MXN,12.636008,, $-   , $-   , $-   ,69.443992
ISL,EUR,1991,3.2,1991,ISL1991,#N/A,#N/A,830308.1337,"4,981,848,802,200.00",ISK,122.24,101498250.4,#N/A,#N/A,#N/A,#N/A
CAN,AMR,2006,2,2006,CAN2006,95.93,95.69,926815,"5,560,890,000,000.00",CAD,1.030163,, $-   , $-   , $-   ,94.659837
ISL,EUR,1992,3.2,1992,ISL1992,#N/A,#N/A,830308.1337,"4,981,848,802,200.00",ISK,122.24,101498250.4,#N/A,#N/A,#N/A,#N/A
ISL,EUR,1993,3.1,1993,ISL1993,#N/A,#N/A,830308.1337,"4,981,848,802,200.00",ISK,122.24,101498250.4,#N/A,#N/A,#N/A,#N/A
ISL,EUR,1998,3.2,1998,ISL1998,50.61,49.21,830308.1337,"4,981,848,802,200.00",ISK,122.24,101498250.4,49947289.02,2.99684E+14,9.58988E+12,-73.03
ISL,EUR,1999,3.2,1999,ISL1999,52.19,50.85,830308.1337,"4,981,848,802,200.00",ISK,122.24,101498250.4,51611860.32,3.09671E+14,9.90948E+12,-71.39
ISL,EUR,2000,3.3,2000,ISL2000,53.81,53.86,830308.1337,"4,981,848,802,200.00",ISK,122.24,101498250.4,54666957.66,3.28002E+14,1.08241E+13,-68.38
PLW,WPR,2006,0.9,2006,PLW2006,#N/A,#N/A,#N/A,#N/A,#N/A,#N/A,,#N/A,#N/A,#N/A,#N/A
ISL,EUR,2001,3.5,2001,ISL2001,56.25,58.09,830308.1337,"4,981,848,802,200.00",ISK,122.24,101498250.4,58960333.65,3.53762E+14,1.23817E+13,-64.15
ISL,EUR,2002,3.7,2002,ISL2002,58.44,61.09,830308.1337,"4,981,848,802,200.00",ISK,122.24,101498250.4,62005281.16,3.72032E+14,1.37652E+13,-61.15
JPN,WPR,2006,1.1,2006,JPN2006,#N/A,103.47,282864600,"1,697,187,600,000,000.00",JPY,87.779875,, $-   , $-   , $-   ,15.690125
ISL,EUR,2003,3.2,2003,ISL2003,59.51,61.64,830308.1337,"4,981,848,802,200.00",ISK,122.24,101498250.4,62563521.54,3.75381E+14,1.20122E+13,-60.6
ISL,EUR,2004,3,2004,ISL2004,59.65,63.72,830308.1337,"4,981,848,802,200.00",ISK,122.24,101498250.4,64674685.15,3.88048E+14,1.16414E+13,-58.52
ISL,EUR,2005,2.9,2005,ISL2005,60.95,64.45,830308.1337,"4,981,848,802,200.00",ISK,122.24,101498250.4,65415622.37,3.92494E+14,1.13823E+13,-57.79
ISL,EUR,2006,2.8,2006,ISL2006,62.32,69.04,830308.1337,"4,981,848,802,200.00",ISK,122.24,101498250.4,70074392.07,4.20446E+14,1.17725E+13,-53.2
ISL,EUR,2007,2.9,2007,ISL2007,63.92,72.27,830308.1337,"4,981,848,802,200.00",ISK,122.24,101498250.4,73352785.55,4.40117E+14,1.27634E+13,-49.97
HUN,EUR,2006,1.1,2006,HUN2006,79.26,82.2,13885374,"83,312,244,000,000.00",HUF,207.94,2887382530,2373428440,1.42406E+16,1.56646E+14,-125.74
USA,AMR,2006,1,2006,USA2006,91.65,92.92,"9,891,397.00","59,348,382,000,000.00",USD,1,, $-   , $-   , $-   ,91.92
HUN,EUR,2007,1.1,2007,HUN2007,85.07,87.63,13885374,"83,312,244,000,000.00",HUF,207.94,2887382530,2530213311,1.51813E+16,1.66994E+14,-120.31
HUN,EUR,2008,1.1,2008,HUN2008,90.3,92.59,13885374,"83,312,244,000,000.00",HUF,207.94,2887382530,2673427484,1.60406E+16,1.76446E+14,-115.35
HUN,EUR,2009,1.1,2009,HUN2009,96.92,96.42,13885374,"83,312,244,000,000.00",HUF,207.94,2887382530,2784014235,1.67041E+16,1.83745E+14,-111.52
THA,SEAR,2007,1.6,2007,THA2007,#N/A,#N/A,#N/A,#N/A,#N/A,#N/A,,#N/A,#N/A,#N/A,#N/A
HUN,EUR,2010,1.1,2010,HUN2010,100,100,13885374,"83,312,244,000,000.00",HUF,207.94,2887382530,2887382530,1.73243E+16,1.90567E+14,-107.94
HUN,EUR,2011,3.1,2011,HUN2011,102.88,103.67,13885374,"83,312,244,000,000.00",HUF,207.94,2887382530,2993349469,1.79601E+16,5.56763E+14,-104.27
HUN,EUR,2012,3.1,2012,HUN2012,109.4,110.06,13885374,"83,312,244,000,000.00",HUF,207.94,2887382530,3177853212,1.90671E+16,5.91081E+14,-97.88
HUN,EUR,2013,3,2013,HUN2013,115.33,111.98,13885374,"83,312,244,000,000.00",HUF,207.94,2887382530,3233290957,1.93997E+16,5.81992E+14,-95.96
HUN,EUR,2014,3.2,2014,HUN2014,112.8,112.91,13885374,"83,312,244,000,000.00",HUF,207.94,2887382530,3260143615,1.95609E+16,6.25948E+14,-95.03
HUN,EUR,2015,2.9,2015,HUN2015,116.19,112.5,13885374,"83,312,244,000,000.00",HUF,207.94,2887382530,3248305346,1.94898E+16,5.65205E+14,-95.44
KGZ,EUR,1990,3.9,1990,KGZ1990,#N/A,#N/A,#N/A,#N/A,#N/A,0.76,#N/A,#N/A,#N/A,#N/A,#N/A
UZB,EUR,1990,2.9,1990,UZB1990,#N/A,#N/A,#N/A,#N/A,#N/A,0.76,#N/A,#N/A,#N/A,#N/A,#N/A
UKR,EUR,1990,3.7,1990,UKR1990,#N/A,#N/A,#N/A,#N/A,#N/A,0.76,#N/A,#N/A,#N/A,#N/A,#N/A
AZE,EUR,1990,1.3,1990,AZE1990,#N/A,#N/A,#N/A,#N/A,#N/A,0.76,#N/A,#N/A,#N/A,#N/A,#N/A
BLR,EUR,1990,7.4,1990,BLR1990,#N/A,#N/A,#N/A,#N/A,#N/A,0.76,#N/A,#N/A,#N/A,#N/A,#N/A
GEO,EUR,1990,1.3,1990,GEO1990,#N/A,#N/A,#N/A,#N/A,#N/A,0.76,#N/A,#N/A,#N/A,#N/A,#N/A
JPN,WPR,2007,1.1,2007,JPN2007,#N/A,103.07,282864600,"1,697,187,600,000,000.00",JPY,87.779875,, $-   , $-   , $-   ,15.290125
CAN,AMR,2007,2,2007,CAN2007,97.78,97.08,926815,"5,560,890,000,000.00",CAD,1.030163,, $-   , $-   , $-   ,96.049837
TJK,EUR,1990,1.8,1990,TJK1990,#N/A,#N/A,#N/A,#N/A,#N/A,0.76,#N/A,#N/A,#N/A,#N/A,#N/A
ARM,EUR,1990,4,1990,ARM1990,#N/A,#N/A,#N/A,#N/A,#N/A,0.76,#N/A,#N/A,#N/A,#N/A,#N/A
RUS,EUR,1990,5,1990,RUS1990,#N/A,#N/A,#N/A,#N/A,#N/A,0.76,#N/A,#N/A,#N/A,#N/A,#N/A
BTN,SEAR,2007,3.8,2007,BTN2007,#N/A,#N/A,#N/A,#N/A,#N/A,#N/A,,#N/A,#N/A,#N/A,#N/A
TKM,EUR,1990,3.4,1990,TKM1990,#N/A,#N/A,#N/A,#N/A,#N/A,0.76,#N/A,#N/A,#N/A,#N/A,#N/A
USA,AMR,2007,0.9,2007,USA2007,93.83,95.31,"9,891,397.00","59,348,382,000,000.00",USD,1,, $-   , $-   , $-   ,94.31
NZL,WPR,2007,2,2007,NZL2007,#N/A,92.62,115501,"693,006,000,000.00",NZD,1.387834,, $-   , $-   , $-   ,91.232166
MDA,EUR,1990,2.6,1990,MDA1990,#N/A,#N/A,#N/A,#N/A,#N/A,0.76,#N/A,#N/A,#N/A,#N/A,#N/A
KAZ,EUR,1990,5,1990,KAZ1990,#N/A,#N/A,#N/A,#N/A,#N/A,0.76,#N/A,#N/A,#N/A,#N/A,#N/A
WSM,WPR,2008,0.7,2008,WSM2008,#N/A,#N/A,#N/A,#N/A,#N/A,#N/A,,#N/A,#N/A,#N/A,#N/A
CYP,EUR,1991,0.6,1991,CYP1991,#N/A,#N/A,#N/A,#N/A,#N/A,0.76,#N/A,#N/A,#N/A,#N/A,#N/A
BLR,EUR,1991,5.9,1991,BLR1991,#N/A,#N/A,#N/A,#N/A,#N/A,0.76,#N/A,#N/A,#N/A,#N/A,#N/A
TJK,EUR,1991,1.7,1991,TJK1991,#N/A,#N/A,#N/A,#N/A,#N/A,0.76,#N/A,#N/A,#N/A,#N/A,#N/A
GEO,EUR,1991,1.1,1991,GEO1991,#N/A,#N/A,#N/A,#N/A,#N/A,0.76,#N/A,#N/A,#N/A,#N/A,#N/A
KGZ,EUR,1991,4.2,1991,KGZ1991,#N/A,#N/A,#N/A,#N/A,#N/A,0.76,#N/A,#N/A,#N/A,#N/A,#N/A
MDA,EUR,1991,2.5,1991,MDA1991,#N/A,#N/A,#N/A,#N/A,#N/A,0.76,#N/A,#N/A,#N/A,#N/A,#N/A
UZB,EUR,1991,3.2,1991,UZB1991,#N/A,#N/A,#N/A,#N/A,#N/A,0.76,#N/A,#N/A,#N/A,#N/A,#N/A
USA,AMR,2008,0.9,2008,USA2008,96.79,98.23,"9,891,397.00","59,348,382,000,000.00",USD,1,, $-   , $-   , $-   ,97.23
AZE,EUR,1991,1.3,1991,AZE1991,#N/A,#N/A,#N/A,#N/A,#N/A,0.76,#N/A,#N/A,#N/A,#N/A,#N/A
MEX,AMR,2008,1.9,2008,MEX2008,85.66,91.93,8734843.839,"52,409,063,034,000.00",MXN,12.636008,, $-   , $-   , $-   ,79.293992
KAZ,EUR,1991,4.3,1991,KAZ1991,#N/A,#N/A,#N/A,#N/A,#N/A,0.76,#N/A,#N/A,#N/A,#N/A,#N/A
ROU,EUR,1991,11,1991,ROU1991,#N/A,#N/A,#N/A,#N/A,#N/A,0.76,#N/A,#N/A,#N/A,#N/A,#N/A
UKR,EUR,1991,2.8,1991,UKR1991,#N/A,#N/A,#N/A,#N/A,#N/A,0.76,#N/A,#N/A,#N/A,#N/A,#N/A
TKM,EUR,1991,2.6,1991,TKM1991,#N/A,#N/A,#N/A,#N/A,#N/A,0.76,#N/A,#N/A,#N/A,#N/A,#N/A
RUS,EUR,1991,4.2,1991,RUS1991,#N/A,#N/A,#N/A,#N/A,#N/A,0.76,#N/A,#N/A,#N/A,#N/A,#N/A
ARM,EUR,1991,2.8,1991,ARM1991,#N/A,#N/A,#N/A,#N/A,#N/A,0.76,#N/A,#N/A,#N/A,#N/A,#N/A
TKM,EUR,1992,3.2,1992,TKM1992,#N/A,#N/A,#N/A,#N/A,#N/A,0.76,#N/A,#N/A,#N/A,#N/A,#N/A
KAZ,EUR,1992,5.4,1992,KAZ1992,#N/A,#N/A,#N/A,#N/A,#N/A,0.76,#N/A,#N/A,#N/A,#N/A,#N/A
TJK,EUR,1992,2,1992,TJK1992,#N/A,#N/A,#N/A,#N/A,#N/A,0.76,#N/A,#N/A,#N/A,#N/A,#N/A
CAN,AMR,2008,2,2008,CAN2008,98.69,98.5,926815,"5,560,890,000,000.00",CAD,1.030163,, $-   , $-   , $-   ,97.469837
UZB,EUR,1992,3.2,1992,UZB1992,#N/A,#N/A,#N/A,#N/A,#N/A,0.76,#N/A,#N/A,#N/A,#N/A,#N/A
USA,AMR,2009,0.9,2009,USA2009,99.61,98.23,"9,891,397.00","59,348,382,000,000.00",USD,1,, $-   , $-   , $-   ,97.23
CAN,AMR,2009,2.1,2009,CAN2009,100.25,98.65,926815,"5,560,890,000,000.00",CAD,1.030163,, $-   , $-   , $-   ,97.619837
AZE,EUR,1992,1,1992,AZE1992,#N/A,#N/A,#N/A,#N/A,#N/A,0.76,#N/A,#N/A,#N/A,#N/A,#N/A
RUS,EUR,1992,4,1992,RUS1992,#N/A,#N/A,#N/A,#N/A,#N/A,0.76,#N/A,#N/A,#N/A,#N/A,#N/A
KGZ,EUR,1992,3.4,1992,KGZ1992,#N/A,#N/A,#N/A,#N/A,#N/A,0.76,#N/A,#N/A,#N/A,#N/A,#N/A
ARM,EUR,1992,2.8,1992,ARM1992,#N/A,#N/A,#N/A,#N/A,#N/A,0.76,#N/A,#N/A,#N/A,#N/A,#N/A
MDA,EUR,1992,2.2,1992,MDA1992,#N/A,#N/A,#N/A,#N/A,#N/A,0.76,#N/A,#N/A,#N/A,#N/A,#N/A
BLR,EUR,1992,5.4,1992,BLR1992,#N/A,#N/A,#N/A,#N/A,#N/A,0.76,#N/A,#N/A,#N/A,#N/A,#N/A
UZB,EUR,1993,2.9,1993,UZB1993,#N/A,#N/A,#N/A,#N/A,#N/A,0.76,#N/A,#N/A,#N/A,#N/A,#N/A
KGZ,EUR,1993,2.8,1993,KGZ1993,#N/A,#N/A,#N/A,#N/A,#N/A,0.76,#N/A,#N/A,#N/A,#N/A,#N/A
AZE,EUR,1993,1.2,1993,AZE1993,#N/A,#N/A,#N/A,#N/A,#N/A,0.76,#N/A,#N/A,#N/A,#N/A,#N/A
TKM,EUR,1993,3.9,1993,TKM1993,#N/A,#N/A,#N/A,#N/A,#N/A,0.76,#N/A,#N/A,#N/A,#N/A,#N/A
RUS,EUR,1993,3.1,1993,RUS1993,#N/A,#N/A,#N/A,#N/A,#N/A,0.76,#N/A,#N/A,#N/A,#N/A,#N/A
MDA,EUR,1993,2.2,1993,MDA1993,#N/A,#N/A,#N/A,#N/A,#N/A,0.76,#N/A,#N/A,#N/A,#N/A,#N/A
ARM,EUR,1993,3.4,1993,ARM1993,#N/A,#N/A,#N/A,#N/A,#N/A,0.76,#N/A,#N/A,#N/A,#N/A,#N/A
TJK,EUR,1993,2.2,1993,TJK1993,#N/A,#N/A,#N/A,#N/A,#N/A,0.76,#N/A,#N/A,#N/A,#N/A,#N/A
BLR,EUR,1993,5.6,1993,BLR1993,#N/A,#N/A,#N/A,#N/A,#N/A,0.76,#N/A,#N/A,#N/A,#N/A,#N/A
ZAF,AFR,2009,0.4,2009,ZAF2009,#N/A,95.63,1621835.538,"9,731,013,228,000.00",ZAR,#N/A,, $-   , $-   , $-   ,#N/A
KAZ,EUR,1993,5,1993,KAZ1993,#N/A,#N/A,#N/A,#N/A,#N/A,0.76,#N/A,#N/A,#N/A,#N/A,#N/A
AZE,EUR,1994,1.1,1994,AZE1994,#N/A,#N/A,#N/A,#N/A,#N/A,0.76,#N/A,#N/A,#N/A,#N/A,#N/A
ARM,EUR,1994,2.2,1994,ARM1994,#N/A,#N/A,#N/A,#N/A,#N/A,0.76,#N/A,#N/A,#N/A,#N/A,#N/A
TKM,EUR,1994,4,1994,TKM1994,#N/A,#N/A,#N/A,#N/A,#N/A,0.76,#N/A,#N/A,#N/A,#N/A,#N/A
RUS,EUR,1994,2.9,1994,RUS1994,#N/A,#N/A,#N/A,#N/A,#N/A,0.76,#N/A,#N/A,#N/A,#N/A,#N/A
UZB,EUR,1994,2.5,1994,UZB1994,#N/A,#N/A,#N/A,#N/A,#N/A,0.76,#N/A,#N/A,#N/A,#N/A,#N/A
MEX,AMR,2010,1.9,2010,MEX2010,100,100,8734843.839,"52,409,063,034,000.00",MXN,12.636008,, $-   , $-   , $-   ,87.363992
KAZ,EUR,1994,3.4,1994,KAZ1994,#N/A,#N/A,#N/A,#N/A,#N/A,0.76,#N/A,#N/A,#N/A,#N/A,#N/A
BLR,EUR,1994,4.7,1994,BLR1994,#N/A,#N/A,#N/A,#N/A,#N/A,0.76,#N/A,#N/A,#N/A,#N/A,#N/A
AUS,WPR,2010,2.6,2010,AUS2010,100,100,775116,"4,650,696,000,000.00",AUD,1.090159,, $-   , $-   , $-   ,98.909841
KGZ,EUR,1994,2.7,1994,KGZ1994,#N/A,#N/A,#N/A,#N/A,#N/A,0.76,#N/A,#N/A,#N/A,#N/A,#N/A
MDA,EUR,1994,2,1994,MDA1994,#N/A,#N/A,#N/A,#N/A,#N/A,0.76,#N/A,#N/A,#N/A,#N/A,#N/A
ARM,EUR,1995,1.7,1995,ARM1995,#N/A,#N/A,#N/A,#N/A,#N/A,0.76,#N/A,#N/A,#N/A,#N/A,#N/A
KAZ,EUR,1995,2.5,1995,KAZ1995,#N/A,#N/A,#N/A,#N/A,#N/A,0.76,#N/A,#N/A,#N/A,#N/A,#N/A
MDA,EUR,1995,1.9,1995,MDA1995,#N/A,#N/A,#N/A,#N/A,#N/A,0.76,#N/A,#N/A,#N/A,#N/A,#N/A
BLR,EUR,1995,3.3,1995,BLR1995,#N/A,#N/A,#N/A,#N/A,#N/A,0.76,#N/A,#N/A,#N/A,#N/A,#N/A
KGZ,EUR,1995,1.9,1995,KGZ1995,#N/A,#N/A,#N/A,#N/A,#N/A,0.76,#N/A,#N/A,#N/A,#N/A,#N/A
AZE,EUR,1995,0.9,1995,AZE1995,#N/A,#N/A,#N/A,#N/A,#N/A,0.76,#N/A,#N/A,#N/A,#N/A,#N/A
RUS,EUR,1995,2.5,1995,RUS1995,#N/A,#N/A,#N/A,#N/A,#N/A,0.76,#N/A,#N/A,#N/A,#N/A,#N/A
ETH,AFR,2010,3.6,2010,ETH2010,#N/A,#N/A,#N/A,#N/A,#N/A,#N/A,,#N/A,#N/A,#N/A,#N/A
CAN,AMR,2010,2,2010,CAN2010,100,100,926815,"5,560,890,000,000.00",CAD,1.030163,, $-   , $-   , $-   ,98.969837
UZB,EUR,1995,1.9,1995,UZB1995,#N/A,#N/A,#N/A,#N/A,#N/A,0.76,#N/A,#N/A,#N/A,#N/A,#N/A
ARM,EUR,1996,1.3,1996,ARM1996,#N/A,#N/A,#N/A,#N/A,#N/A,0.76,#N/A,#N/A,#N/A,#N/A,#N/A
ROU,EUR,1997,2.9,1997,ROU1997,#N/A,#N/A,#N/A,#N/A,#N/A,0.76,#N/A,#N/A,#N/A,#N/A,#N/A
ROU,EUR,1998,3.5,1998,ROU1998,#N/A,#N/A,#N/A,#N/A,#N/A,0.76,#N/A,#N/A,#N/A,#N/A,#N/A
ROU,EUR,1999,4.2,1999,ROU1999,#N/A,#N/A,#N/A,#N/A,#N/A,0.76,#N/A,#N/A,#N/A,#N/A,#N/A
NZL,WPR,2010,2.1,2010,NZL2010,#N/A,100,115501,"693,006,000,000.00",NZD,1.387834,, $-   , $-   , $-   ,98.612166
ARM,EUR,1999,1.9,1999,ARM1999,#N/A,#N/A,#N/A,#N/A,#N/A,0.76,#N/A,#N/A,#N/A,#N/A,#N/A
ROU,EUR,2000,3.8,2000,ROU2000,#N/A,#N/A,#N/A,#N/A,#N/A,0.76,#N/A,#N/A,#N/A,#N/A,#N/A
BLR,EUR,2000,3.5,2000,BLR2000,#N/A,#N/A,#N/A,#N/A,#N/A,0.76,#N/A,#N/A,#N/A,#N/A,#N/A
CAN,AMR,2011,2,2011,CAN2011,99.98,102.13,926815,"5,560,890,000,000.00",CAD,1.030163,, $-   , $-   , $-   ,101.099837
RUS,EUR,2000,2.5,2000,RUS2000,#N/A,#N/A,#N/A,#N/A,#N/A,0.76,#N/A,#N/A,#N/A,#N/A,#N/A
ARM,EUR,2001,1.6,2001,ARM2001,#N/A,#N/A,#N/A,#N/A,#N/A,0.76,#N/A,#N/A,#N/A,#N/A,#N/A
ARM,EUR,2002,1.6,2002,ARM2002,#N/A,#N/A,#N/A,#N/A,#N/A,0.76,#N/A,#N/A,#N/A,#N/A,#N/A
ARM,EUR,2003,1.6,2003,ARM2003,#N/A,#N/A,#N/A,#N/A,#N/A,0.76,#N/A,#N/A,#N/A,#N/A,#N/A
ARM,EUR,2004,1.6,2004,ARM2004,#N/A,#N/A,#N/A,#N/A,#N/A,0.76,#N/A,#N/A,#N/A,#N/A,#N/A
HRV,EUR,2005,1.6,2005,HRV2005,#N/A,#N/A,#N/A,#N/A,#N/A,0.76,#N/A,#N/A,#N/A,#N/A,#N/A
ARM,EUR,2005,1.6,2005,ARM2005,#N/A,#N/A,#N/A,#N/A,#N/A,0.76,#N/A,#N/A,#N/A,#N/A,#N/A
RUS,EUR,2005,1.9,2005,RUS2005,#N/A,#N/A,#N/A,#N/A,#N/A,0.76,#N/A,#N/A,#N/A,#N/A,#N/A
AZE,EUR,2005,0.6,2005,AZE2005,#N/A,#N/A,#N/A,#N/A,#N/A,0.76,#N/A,#N/A,#N/A,#N/A,#N/A
BLR,EUR,2005,2.5,2005,BLR2005,#N/A,#N/A,#N/A,#N/A,#N/A,0.76,#N/A,#N/A,#N/A,#N/A,#N/A
TJK,EUR,2006,0.2,2006,TJK2006,#N/A,#N/A,#N/A,#N/A,#N/A,0.76,#N/A,#N/A,#N/A,#N/A,#N/A
ARM,EUR,2006,1.7,2006,ARM2006,#N/A,#N/A,#N/A,#N/A,#N/A,0.76,#N/A,#N/A,#N/A,#N/A,#N/A
MKD,EUR,2006,1.3,2006,MKD2006,#N/A,#N/A,#N/A,#N/A,#N/A,0.76,#N/A,#N/A,#N/A,#N/A,#N/A
RUS,EUR,2006,1.9,2006,RUS2006,#N/A,#N/A,#N/A,#N/A,#N/A,0.76,#N/A,#N/A,#N/A,#N/A,#N/A
HRV,EUR,2006,1.6,2006,HRV2006,#N/A,#N/A,#N/A,#N/A,#N/A,0.76,#N/A,#N/A,#N/A,#N/A,#N/A
RUS,EUR,2007,1.7,2007,RUS2007,#N/A,#N/A,#N/A,#N/A,#N/A,0.76,#N/A,#N/A,#N/A,#N/A,#N/A
SGP,WPR,2012,0.3,2012,SGP2012,#N/A,#N/A,#N/A,#N/A,#N/A,#N/A,,#N/A,#N/A,#N/A,#N/A
CAN,AMR,2012,1.1,2012,CAN2012,101.1,103.45,926815,"5,560,890,000,000.00",CAD,1.030163,, $-   , $-   , $-   ,102.419837
ALB,EUR,2007,2.1,2007,ALB2007,#N/A,#N/A,#N/A,#N/A,#N/A,0.76,#N/A,#N/A,#N/A,#N/A,#N/A
MKD,EUR,2007,1.4,2007,MKD2007,#N/A,#N/A,#N/A,#N/A,#N/A,0.76,#N/A,#N/A,#N/A,#N/A,#N/A
ARM,EUR,2007,1.7,2007,ARM2007,#N/A,#N/A,#N/A,#N/A,#N/A,0.76,#N/A,#N/A,#N/A,#N/A,#N/A
UKR,EUR,2007,1.7,2007,UKR2007,#N/A,#N/A,#N/A,#N/A,#N/A,0.76,#N/A,#N/A,#N/A,#N/A,#N/A
HRV,EUR,2007,1.6,2007,HRV2007,#N/A,#N/A,#N/A,#N/A,#N/A,0.76,#N/A,#N/A,#N/A,#N/A,#N/A
BLR,EUR,2007,2.3,2007,BLR2007,#N/A,#N/A,#N/A,#N/A,#N/A,0.76,#N/A,#N/A,#N/A,#N/A,#N/A
TJK,EUR,2007,0.2,2007,TJK2007,#N/A,#N/A,#N/A,#N/A,#N/A,0.76,#N/A,#N/A,#N/A,#N/A,#N/A
AZE,EUR,2008,0.6,2008,AZE2008,#N/A,#N/A,#N/A,#N/A,#N/A,0.76,#N/A,#N/A,#N/A,#N/A,#N/A
JPN,WPR,2012,1.6,2012,JPN2012,#N/A,98.85,282864600,"1,697,187,600,000,000.00",JPY,87.779875,, $-   , $-   , $-   ,11.070125
THA,SEAR,2012,1.2,2012,THA2012,#N/A,#N/A,#N/A,#N/A,#N/A,#N/A,,#N/A,#N/A,#N/A,#N/A
RUS,EUR,2008,1.6,2008,RUS2008,#N/A,#N/A,#N/A,#N/A,#N/A,0.76,#N/A,#N/A,#N/A,#N/A,#N/A
UKR,EUR,2008,1.5,2008,UKR2008,#N/A,#N/A,#N/A,#N/A,#N/A,0.76,#N/A,#N/A,#N/A,#N/A,#N/A
PHL,WPR,2012,0.6,2012,PHL2012,#N/A,#N/A,#N/A,#N/A,#N/A,#N/A,,#N/A,#N/A,#N/A,#N/A
BTN,SEAR,2012,4.3,2012,BTN2012,#N/A,#N/A,#N/A,#N/A,#N/A,#N/A,,#N/A,#N/A,#N/A,#N/A
ROU,EUR,2008,4,2008,ROU2008,#N/A,#N/A,#N/A,#N/A,#N/A,0.76,#N/A,#N/A,#N/A,#N/A,#N/A
ARM,EUR,2008,1.5,2008,ARM2008,#N/A,#N/A,#N/A,#N/A,#N/A,0.76,#N/A,#N/A,#N/A,#N/A,#N/A
LBN,EMR,2012,0.2,2012,LBN2012,#N/A,#N/A,#N/A,#N/A,#N/A,#N/A,,#N/A,#N/A,#N/A,#N/A
MKD,EUR,2008,1.7,2008,MKD2008,#N/A,#N/A,#N/A,#N/A,#N/A,0.76,#N/A,#N/A,#N/A,#N/A,#N/A
TJK,EUR,2008,0.1,2008,TJK2008,#N/A,#N/A,#N/A,#N/A,#N/A,0.76,#N/A,#N/A,#N/A,#N/A,#N/A
BLR,EUR,2008,2.3,2008,BLR2008,#N/A,#N/A,#N/A,#N/A,#N/A,0.76,#N/A,#N/A,#N/A,#N/A,#N/A
ROU,EUR,2009,4,2009,ROU2009,#N/A,#N/A,#N/A,#N/A,#N/A,0.76,#N/A,#N/A,#N/A,#N/A,#N/A
MEX,AMR,2012,1.9,2012,MEX2012,108.86,110.81,8734843.839,"52,409,063,034,000.00",MXN,12.636008,, $-   , $-   , $-   ,98.173992
BLR,EUR,2009,2.2,2009,BLR2009,#N/A,#N/A,#N/A,#N/A,#N/A,0.76,#N/A,#N/A,#N/A,#N/A,#N/A
MKD,EUR,2009,1.8,2009,MKD2009,#N/A,#N/A,#N/A,#N/A,#N/A,0.76,#N/A,#N/A,#N/A,#N/A,#N/A
AZE,EUR,2009,0.6,2009,AZE2009,#N/A,#N/A,#N/A,#N/A,#N/A,0.76,#N/A,#N/A,#N/A,#N/A,#N/A
UKR,EUR,2009,1.6,2009,UKR2009,#N/A,#N/A,#N/A,#N/A,#N/A,0.76,#N/A,#N/A,#N/A,#N/A,#N/A
RUS,EUR,2009,1.7,2009,RUS2009,#N/A,#N/A,#N/A,#N/A,#N/A,0.76,#N/A,#N/A,#N/A,#N/A,#N/A
HRV,EUR,2009,1.5,2009,HRV2009,#N/A,#N/A,#N/A,#N/A,#N/A,0.76,#N/A,#N/A,#N/A,#N/A,#N/A
TJK,EUR,2009,0.1,2009,TJK2009,#N/A,#N/A,#N/A,#N/A,#N/A,0.76,#N/A,#N/A,#N/A,#N/A,#N/A
ARM,EUR,2009,1.6,2009,ARM2009,#N/A,#N/A,#N/A,#N/A,#N/A,0.76,#N/A,#N/A,#N/A,#N/A,#N/A
UKR,EUR,2010,1.6,2010,UKR2010,#N/A,#N/A,#N/A,#N/A,#N/A,0.76,#N/A,#N/A,#N/A,#N/A,#N/A
ARM,EUR,2010,1.8,2010,ARM2010,#N/A,#N/A,#N/A,#N/A,#N/A,0.76,#N/A,#N/A,#N/A,#N/A,#N/A
BLR,EUR,2010,2.2,2010,BLR2010,#N/A,#N/A,#N/A,#N/A,#N/A,0.76,#N/A,#N/A,#N/A,#N/A,#N/A
AZE,EUR,2010,0.5,2010,AZE2010,#N/A,#N/A,#N/A,#N/A,#N/A,0.76,#N/A,#N/A,#N/A,#N/A,#N/A
THA,SEAR,2013,1.1,2013,THA2013,#N/A,#N/A,#N/A,#N/A,#N/A,#N/A,,#N/A,#N/A,#N/A,#N/A
HRV,EUR,2010,1.5,2010,HRV2010,#N/A,#N/A,#N/A,#N/A,#N/A,0.76,#N/A,#N/A,#N/A,#N/A,#N/A
MKD,EUR,2010,1.8,2010,MKD2010,#N/A,#N/A,#N/A,#N/A,#N/A,0.76,#N/A,#N/A,#N/A,#N/A,#N/A
TJK,EUR,2010,0.1,2010,TJK2010,#N/A,#N/A,#N/A,#N/A,#N/A,0.76,#N/A,#N/A,#N/A,#N/A,#N/A
RUS,EUR,2010,1.7,2010,RUS2010,#N/A,#N/A,#N/A,#N/A,#N/A,0.76,#N/A,#N/A,#N/A,#N/A,#N/A
NZL,WPR,2013,1.9,2013,NZL2013,#N/A,103.83,115501,"693,006,000,000.00",NZD,1.387834,, $-   , $-   , $-   ,102.442166
ROU,EUR,2010,4,2010,ROU2010,#N/A,#N/A,#N/A,#N/A,#N/A,0.76,#N/A,#N/A,#N/A,#N/A,#N/A
UKR,EUR,2011,1.4,2011,UKR2011,#N/A,#N/A,#N/A,#N/A,#N/A,0.76,#N/A,#N/A,#N/A,#N/A,#N/A
CAN,AMR,2013,1.2,2013,CAN2013,102.7,104.84,926815,"5,560,890,000,000.00",CAD,1.030163,, $-   , $-   , $-   ,103.809837
ROU,EUR,2011,4,2011,ROU2011,#N/A,#N/A,#N/A,#N/A,#N/A,0.76,#N/A,#N/A,#N/A,#N/A,#N/A
HRV,EUR,2011,1.5,2011,HRV2011,#N/A,#N/A,#N/A,#N/A,#N/A,0.76,#N/A,#N/A,#N/A,#N/A,#N/A
JPN,WPR,2013,1,2013,JPN2013,#N/A,98.71,282864600,"1,697,187,600,000,000.00",JPY,87.779875,, $-   , $-   , $-   ,10.930125
TJK,EUR,2011,0.1,2011,TJK2011,#N/A,#N/A,#N/A,#N/A,#N/A,0.76,#N/A,#N/A,#N/A,#N/A,#N/A
AZE,EUR,2011,0.5,2011,AZE2011,#N/A,#N/A,#N/A,#N/A,#N/A,0.76,#N/A,#N/A,#N/A,#N/A,#N/A
RUS,EUR,2011,1.7,2011,RUS2011,#N/A,#N/A,#N/A,#N/A,#N/A,0.76,#N/A,#N/A,#N/A,#N/A,#N/A
BLR,EUR,2011,2.2,2011,BLR2011,#N/A,#N/A,#N/A,#N/A,#N/A,0.76,#N/A,#N/A,#N/A,#N/A,#N/A
MKD,EUR,2011,1.6,2011,MKD2011,#N/A,#N/A,#N/A,#N/A,#N/A,0.76,#N/A,#N/A,#N/A,#N/A,#N/A
ARM,EUR,2011,1.8,2011,ARM2011,#N/A,#N/A,#N/A,#N/A,#N/A,0.76,#N/A,#N/A,#N/A,#N/A,#N/A
ARM,EUR,2012,1.5,2012,ARM2012,#N/A,#N/A,#N/A,#N/A,#N/A,0.76,#N/A,#N/A,#N/A,#N/A,#N/A
BLR,EUR,2012,2.6,2012,BLR2012,#N/A,#N/A,#N/A,#N/A,#N/A,0.76,#N/A,#N/A,#N/A,#N/A,#N/A
AZE,EUR,2012,0.5,2012,AZE2012,#N/A,#N/A,#N/A,#N/A,#N/A,0.76,#N/A,#N/A,#N/A,#N/A,#N/A
THA,SEAR,2014,1,2014,THA2014,#N/A,#N/A,#N/A,#N/A,#N/A,#N/A,,#N/A,#N/A,#N/A,#N/A
MKD,EUR,2012,1.8,2012,MKD2012,#N/A,#N/A,#N/A,#N/A,#N/A,0.76,#N/A,#N/A,#N/A,#N/A,#N/A
ROU,EUR,2012,4,2012,ROU2012,#N/A,#N/A,#N/A,#N/A,#N/A,0.76,#N/A,#N/A,#N/A,#N/A,#N/A
RUS,EUR,2012,1.7,2012,RUS2012,#N/A,#N/A,#N/A,#N/A,#N/A,0.76,#N/A,#N/A,#N/A,#N/A,#N/A
TJK,EUR,2012,0.1,2012,TJK2012,#N/A,#N/A,#N/A,#N/A,#N/A,0.76,#N/A,#N/A,#N/A,#N/A,#N/A
PLW,WPR,2014,1.1,2014,PLW2014,#N/A,#N/A,#N/A,#N/A,#N/A,#N/A,,#N/A,#N/A,#N/A,#N/A
UKR,EUR,2012,1.5,2012,UKR2012,#N/A,#N/A,#N/A,#N/A,#N/A,0.76,#N/A,#N/A,#N/A,#N/A,#N/A
RUS,EUR,2013,1.7,2013,RUS2013,#N/A,#N/A,#N/A,#N/A,#N/A,0.76,#N/A,#N/A,#N/A,#N/A,#N/A
TJK,EUR,2013,0.1,2013,TJK2013,#N/A,#N/A,#N/A,#N/A,#N/A,0.76,#N/A,#N/A,#N/A,#N/A,#N/A
CAN,AMR,2014,1.1,2014,CAN2014,103.77,106.85,926815,"5,560,890,000,000.00",CAD,1.030163,, $-   , $-   , $-   ,105.819837
ARM,EUR,2013,1.4,2013,ARM2013,#N/A,#N/A,#N/A,#N/A,#N/A,0.76,#N/A,#N/A,#N/A,#N/A,#N/A
UKR,EUR,2013,1.5,2013,UKR2013,#N/A,#N/A,#N/A,#N/A,#N/A,0.76,#N/A,#N/A,#N/A,#N/A,#N/A
PHL,WPR,2015,0.5,2015,PHL2015,#N/A,#N/A,#N/A,#N/A,#N/A,#N/A,,#N/A,#N/A,#N/A,#N/A
AUS,WPR,2015,2.3,2015,AUS2015,111.64,110.57,775116,"4,650,696,000,000.00",AUD,1.090159,, $-   , $-   , $-   ,109.479841
AZE,EUR,2013,0.5,2013,AZE2013,#N/A,#N/A,#N/A,#N/A,#N/A,0.76,#N/A,#N/A,#N/A,#N/A,#N/A
BLR,EUR,2013,2.6,2013,BLR2013,#N/A,#N/A,#N/A,#N/A,#N/A,0.76,#N/A,#N/A,#N/A,#N/A,#N/A
ROU,EUR,2013,4,2013,ROU2013,#N/A,#N/A,#N/A,#N/A,#N/A,0.76,#N/A,#N/A,#N/A,#N/A,#N/A
MKD,EUR,2013,1.3,2013,MKD2013,#N/A,#N/A,#N/A,#N/A,#N/A,0.76,#N/A,#N/A,#N/A,#N/A,#N/A
CAN,AMR,2015,1.2,2015,CAN2015,105.91,107.91,926815,"5,560,890,000,000.00",CAD,1.030163,, $-   , $-   , $-   ,106.879837
HRV,EUR,2014,1.3,2014,HRV2014,#N/A,#N/A,#N/A,#N/A,#N/A,0.76,#N/A,#N/A,#N/A,#N/A,#N/A
NZL,WPR,2015,1.7,2015,NZL2015,#N/A,105.5,115501,"693,006,000,000.00",NZD,1.387834,, $-   , $-   , $-   ,104.112166
ALB,EUR,2014,1.6,2014,ALB2014,#N/A,#N/A,#N/A,#N/A,#N/A,0.76,#N/A,#N/A,#N/A,#N/A,#N/A
UKR,EUR,2014,1.5,2014,UKR2014,#N/A,#N/A,#N/A,#N/A,#N/A,0.76,#N/A,#N/A,#N/A,#N/A,#N/A
RUS,EUR,2014,1.7,2014,RUS2014,#N/A,#N/A,#N/A,#N/A,#N/A,0.76,#N/A,#N/A,#N/A,#N/A,#N/A
BLR,EUR,2014,2.5,2014,BLR2014,#N/A,#N/A,#N/A,#N/A,#N/A,0.76,#N/A,#N/A,#N/A,#N/A,#N/A
MKD,EUR,2014,1,2014,MKD2014,#N/A,#N/A,#N/A,#N/A,#N/A,0.76,#N/A,#N/A,#N/A,#N/A,#N/A
ARM,EUR,2014,1.3,2014,ARM2014,#N/A,#N/A,#N/A,#N/A,#N/A,0.76,#N/A,#N/A,#N/A,#N/A,#N/A
TJK,EUR,2014,0.1,2014,TJK2014,#N/A,#N/A,#N/A,#N/A,#N/A,0.76,#N/A,#N/A,#N/A,#N/A,#N/A
AZE,EUR,2014,0.5,2014,AZE2014,#N/A,#N/A,#N/A,#N/A,#N/A,0.76,#N/A,#N/A,#N/A,#N/A,#N/A
ZAF,AFR,2015,0.5,2015,ZAF2015,#N/A,130.56,1621835.538,"9,731,013,228,000.00",ZAR,#N/A,, $-   , $-   , $-   ,#N/A
ALB,EUR,2015,1.3,2015,ALB2015,#N/A,#N/A,#N/A,#N/A,#N/A,0.76,#N/A,#N/A,#N/A,#N/A,#N/A
MKD,EUR,2015,1.2,2015,MKD2015,#N/A,#N/A,#N/A,#N/A,#N/A,0.76,#N/A,#N/A,#N/A,#N/A,#N/A
CAN,AMR,2016,1.2,2016,CAN2016,107.55,108.91,926815,"5,560,890,000,000.00",CAD,1.030163,, $-   , $-   , $-   ,107.879837
UKR,EUR,2015,1.3,2015,UKR2015,#N/A,#N/A,#N/A,#N/A,#N/A,0.76,#N/A,#N/A,#N/A,#N/A,#N/A
AZE,EUR,2015,0.5,2015,AZE2015,#N/A,#N/A,#N/A,#N/A,#N/A,0.76,#N/A,#N/A,#N/A,#N/A,#N/A
RUS,EUR,2015,1.8,2015,RUS2015,#N/A,#N/A,#N/A,#N/A,#N/A,0.76,#N/A,#N/A,#N/A,#N/A,#N/A
ARM,EUR,2015,1.4,2015,ARM2015,#N/A,#N/A,#N/A,#N/A,#N/A,0.76,#N/A,#N/A,#N/A,#N/A,#N/A
RUS,EUR,2016,1.7,2016,RUS2016,#N/A,#N/A,#N/A,#N/A,#N/A,0.76,#N/A,#N/A,#N/A,#N/A,#N/A
ARM,EUR,2016,1.2,2016,ARM2016,#N/A,#N/A,#N/A,#N/A,#N/A,0.76,#N/A,#N/A,#N/A,#N/A,#N/A
MKD,EUR,2016,1.1,2016,MKD2016,#N/A,#N/A,#N/A,#N/A,#N/A,0.76,#N/A,#N/A,#N/A,#N/A,#N/A
ALB,EUR,2016,1.3,2016,ALB2016,#N/A,#N/A,#N/A,#N/A,#N/A,0.76,#N/A,#N/A,#N/A,#N/A,#N/A
AZE,EUR,2016,0.6,2016,AZE2016,#N/A,#N/A,#N/A,#N/A,#N/A,0.76,#N/A,#N/A,#N/A,#N/A,#N/A
UZB,EUR,2016,0.5,2016,UZB2016,#N/A,#N/A,#N/A,#N/A,#N/A,0.76,#N/A,#N/A,#N/A,#N/A,#N/A
AZE,EUR,2017,0.5,2017,AZE2017,#N/A,#N/A,#N/A,#N/A,#N/A,0.76,#N/A,#N/A,#N/A,#N/A,#N/A
BTN,SEAR,2017,3.2,2017,BTN2017,#N/A,#N/A,#N/A,#N/A,#N/A,#N/A,,#N/A,#N/A,#N/A,#N/A
