Id,IndicatorCode,SpatialDimType,SpatialDim,ParentLocationCode,TimeDimType,ParentLocation,Dim1Type,Dim1,TimeDim,Dim2Type,Dim2,Dim3Type,Dim3,DataSourceDimType,DataSourceDim,Value,NumericValue,Low,High,Comments,Date,TimeDimensionValue,TimeDimensionBegin,TimeDimensionEnd
4548508,SA_0000001476,COUNTRY,HUN,EUR,YEAR,Europe,,,2013,,,,,DATASOURCE,DATASOURCE_SA_0000001476_HUN,3,3.0,,,,2018-10-25T13:07:08+02:00,2013,2013-01-01T00:00:00+01:00,2013-12-31T00:00:00+01:00
4539127,SA_0000001476,COUNTRY,CAN,AMR,YEAR,Americas,,,2004,,,,,DATASOURCE,DATASOURCE_SA_0000001476_CAN,2.1,2.1,,,,2018-10-25T13:07:00+02:00,2004,2004-01-01T00:00:00+01:00,2004-12-31T00:00:00+01:00
4539550,SA_0000001476,COUNTRY,NOR,EUR,YEAR,Europe,,,1995,,,,,DATASOURCE,DATASOURCE_SA_0000001476_NOR,4.1,4.1,,,,2018-10-25T13:07:03+02:00,1995,1995-01-01T00:00:00+01:00,1995-12-31T00:00:00+01:00
4519729,SA_0000001476,COUNTRY,MDA,EUR,YEAR,Europe,,,1992,,,,,DATASOURCE,DATASOURCE_SA_0000001476_MDA,2.2,2.2,,,,2018-10-25T13:07:09+02:00,1992,1992-01-01T00:00:00+01:00,1992-12-31T00:00:00+01:00
4529155,SA_0000001476,COUNTRY,NOR,EUR,YEAR,Europe,,,2001,,,,,DATASOURCE,DATASOURCE_SA_0000001476_NOR,3.9,3.9,,,,2018-10-25T13:07:05+02:00,2001,2001-01-01T00:00:00+01:00,2001-12-31T00:00:00+01:00
4539107,SA_0000001476,COUNTRY,ISL,EUR,YEAR,Europe,,,1998,,,,,DATASOURCE,DATASOURCE_SA_0000001476_ISL,3.2,3.2,,,,2018-10-25T13:07:03+02:00,1998,1998-01-01T00:00:00+01:00,1998-12-31T00:00:00+01:00
4529084,SA_0000001476,COUNTRY,CAN,AMR,YEAR,Americas,,,1997,,,,,DATASOURCE,DATASOURCE_SA_0000001476_CAN,2,2.0,,,,2018-10-25T13:07:03+02:00,1997,1997-01-01T00:00:00+01:00,1997-12-31T00:00:00+01:00
4539070,SA_0000001476,COUNTRY,ARM,EUR,YEAR,Europe,,,2011,,,,,DATASOURCE,DATASOURCE_SA_0000001476_ARM,1.8,1.8,,,,2018-10-25T13:07:08+02:00,2011,2011-01-01T00:00:00+01:00,2011-12-31T00:00:00+01:00
4548499,SA_0000001476,COUNTRY,JPN,WPR,YEAR,Western Pacific,,,2012,,,,,DATASOURCE,DATASOURCE_SA_0000001476_JPN,1.6,1.6,,,,2018-10-25T13:07:02+02:00,2012,2012-01-01T00:00:00+01:00,2012-12-31T00:00:00+01:00
4539116,SA_0000001476,COUNTRY,GRC,EUR,YEAR,Europe,,,2000,,,,,DATASOURCE,DATASOURCE_SA_0000001476_GRC,0.9,0.9,,,,2018-10-25T13:07:01+02:00,2000,2000-01-01T00:00:00+01:00,2000-12-31T00:00:00+01:00
4548491,SA_0000001476,COUNTRY,ROU,EUR,YEAR,Europe,,,2010,,,,,DATASOURCE,DATASOURCE_SA_0000001476_ROU,4,4.0,,,,2018-10-25T13:07:01+02:00,2010,2010-01-01T00:00:00+01:00,2010-12-31T00:00:00+01:00
4529210,SA_0000001476,COUNTRY,GBR,EUR,YEAR,Europe,,,2006,,,,,DATASOURCE,DATASOURCE_SA_0000001476_GBR,5.2,5.2,,,,2018-10-25T13:07:06+02:00,2006,2006-01-01T00:00:00+01:00,2006-12-31T00:00:00+01:00
4529065,SA_0000001476,COUNTRY,BLR,EUR,YEAR,Europe,,,1994,,,,,DATASOURCE,DATASOURCE_SA_0000001476_BLR,4.7,4.7,,,,2018-10-25T13:07:01+02:00,1994,1994-01-01T00:00:00+01:00,1994-12-31T00:00:00+01:00
4539078,SA_0000001476,COUNTRY,EST,EUR,YEAR,Europe,,,2012,,,,,DATASOURCE,DATASOURCE_SA_0000001476_EST,2.5,2.5,,,,2018-10-25T13:07:02+02:00,2012,2012-01-01T00:00:00+01:00,2012-12-31T00:00:00+01:00
4529222,SA_0000001476,COUNTRY,MKD,EUR,YEAR,Europe,,,2007,,,,,DATASOURCE,DATASOURCE_SA_0000001476_MKD,1.4,1.4,,,,2018-10-25T13:07:10+02:00,2007,2007-01-01T00:00:00+01:00,2007-12-31T00:00:00+01:00
4539553,SA_0000001476,COUNTRY,EST,EUR,YEAR,Europe,,,1996,,,,,DATASOURCE,DATASOURCE_SA_0000001476_EST,1.7,1.7,,,,2018-10-25T13:07:00+02:00,1996,1996-01-01T00:00:00+01:00,1996-12-31T00:00:00+01:00
4539554,SA_0000001476,COUNTRY,EST,EUR,YEAR,Europe,,,1998,,,,,DATASOURCE,DATASOURCE_SA_0000001476_EST,1.9,1.9,,,,2018-10-25T13:07:03+02:00,1998,1998-01-01T00:00:00+01:00,1998-12-31T00:00:00+01:00
4548467,SA_0000001476,COUNTRY,HRV,EUR,YEAR,Europe,,,2006,,,,,DATASOURCE,DATASOURCE_SA_0000001476_HRV,1.6,1.6,,,,2018-10-25T13:07:03+02:00,2006,2006-01-01T00:00:00+01:00,2006-12-31T00:00:00+01:00
4539568,SA_0000001476,COUNTRY,ISL,EUR,YEAR,Europe,,,2002,,,,,DATASOURCE,DATASOURCE_SA_0000001476_ISL,3.7,3.7,,,,2018-10-25T13:07:06+02:00,2002,2002-01-01T00:00:00+01:00,2002-12-31T00:00:00+01:00
4529255,SA_0000001476,COUNTRY,NOR,EUR,YEAR,Europe,,,2009,,,,,DATASOURCE,DATASOURCE_SA_0000001476_NOR,2.2,2.2,,,,2018-10-25T13:07:04+02:00,2009,2009-01-01T00:00:00+01:00,2009-12-31T00:00:00+01:00
4529112,SA_0000001476,COUNTRY,AUT,EUR,YEAR,Europe,,,1997,,,,,DATASOURCE,DATASOURCE_SA_0000001476_AUT,1.6,1.6,,,,2018-10-25T13:07:07+02:00,1997,1997-01-01T00:00:00+01:00,1997-12-31T00:00:00+01:00
4519722,SA_0000001476,COUNTRY,TKM,EUR,YEAR,Europe,,,1994,,,,,DATASOURCE,DATASOURCE_SA_0000001476_TKM,4,4.0,,,,2018-10-25T13:07:02+02:00,1994,1994-01-01T00:00:00+01:00,1994-12-31T00:00:00+01:00
4529105,SA_0000001476,COUNTRY,KAZ,EUR,YEAR,Europe,,,1995,,,,,DATASOURCE,DATASOURCE_SA_0000001476_KAZ,2.5,2.5,,,,2018-10-25T13:07:09+02:00,1995,1995-01-01T00:00:00+01:00,1995-12-31T00:00:00+01:00
4519642,SA_0000001476,COUNTRY,LTU,EUR,YEAR,Europe,,,1990,,,,,DATASOURCE,DATASOURCE_SA_0000001476_LTU,6.1,6.1,,,,2018-10-25T13:07:10+02:00,1990,1990-01-01T00:00:00+01:00,1990-12-31T00:00:00+01:00
4539201,SA_0000001476,COUNTRY,MKD,EUR,YEAR,Europe,,,2010,,,,,DATASOURCE,DATASOURCE_SA_0000001476_MKD,1.8,1.8,,,,2018-10-25T13:07:02+02:00,2010,2010-01-01T00:00:00+01:00,2010-12-31T00:00:00+01:00
4539073,SA_0000001476,COUNTRY,NLD,EUR,YEAR,Europe,,,2011,,,,,DATASOURCE,DATASOURCE_SA_0000001476_NLD,0.07,0.07,,,,2018-10-25T13:07:01+02:00,2011,2011-01-01T00:00:00+01:00,2011-12-31T00:00:00+01:00
4548517,SA_0000001476,COUNTRY,ARM,EUR,YEAR,Europe,,,2015,,,,,DATASOURCE,DATASOURCE_SA_0000001476_ARM,1.4,1.4,,,,2018-10-25T13:07:06+02:00,2015,2015-01-01T00:00:00+01:00,2015-12-31T00:00:00+01:00
4539526,SA_0000001476,COUNTRY,AUT,EUR,YEAR,Europe,,,2015,,,,,DATASOURCE,DATASOURCE_SA_0000001476_AUT,1.4,1.4,,,,2018-10-25T13:07:07+02:00,2015,2015-01-01T00:00:00+01:00,2015-12-31T00:00:00+01:00
4529129,SA_0000001476,COUNTRY,ISL,EUR,YEAR,Europe,,,1999,,,,,DATASOURCE,DATASOURCE_SA_0000001476_ISL,3.2,3.2,,,,2018-10-25T13:07:00+02:00,1999,1999-01-01T00:00:00+01:00,1999-12-31T00:00:00+01:00
4529214,SA_0000001476,COUNTRY,FIN,EUR,YEAR,Europe,,,2007,,,,,DATASOURCE,DATASOURCE_SA_0000001476_FIN,4.7,4.7,,,,2018-10-25T13:07:07+02:00,2007,2007-01-01T00:00:00+01:00,2007-12-31T00:00:00+01:00
4519649,SA_0000001476,COUNTRY,FIN,EUR,YEAR,Europe,,,1991,,,,,DATASOURCE,DATASOURCE_SA_0000001476_FIN,7,7.0,,,,2018-10-25T13:07:11+02:00,1991,1991-01-01T00:00:00+01:00,1991-12-31T00:00:00+01:00
4529173,SA_0000001476,COUNTRY,ISL,EUR,YEAR,Europe,,,2004,,,,,DATASOURCE,DATASOURCE_SA_0000001476_ISL,3,3.0,,,,2018-10-25T13:07:05+02:00,2004,2004-01-01T00:00:00+01:00,2004-12-31T00:00:00+01:00
4548482,SA_0000001476,COUNTRY,UKR,EUR,YEAR,Europe,,,2008,,,,,DATASOURCE,DATASOURCE_SA_0000001476_UKR,1.5,1.5,,,,2018-10-25T13:07:10+02:00,2008,2008-01-01T00:00:00+01:00,2008-12-31T00:00:00+01:00
4539501,SA_0000001476,COUNTRY,KAZ,EUR,YEAR,Europe,,,1990,,,,,DATASOURCE,DATASOURCE_SA_0000001476_KAZ,5,5.0,,,,2018-10-25T13:07:08+02:00,1990,1990-01-01T00:00:00+01:00,1990-12-31T00:00:00+01:00
4539171,SA_0000001476,COUNTRY,USA,AMR,YEAR,Americas,,,2007,,,,,DATASOURCE,DATASOURCE_SA_0000001476_USA,0.9,0.9,,,,2018-10-25T13:07:04+02:00,2007,2007-01-01T00:00:00+01:00,2007-12-31T00:00:00+01:00
4539165,SA_0000001476,COUNTRY,PHL,WPR,YEAR,Western Pacific,,,2015,,,,,DATASOURCE,DATASOURCE_SA_0000001476_PHL,0.5,0.5,,,,2018-10-25T13:07:08+02:00,2015,2015-01-01T00:00:00+01:00,2015-12-31T00:00:00+01:00
4529175,SA_0000001476,COUNTRY,USA,AMR,YEAR,Americas,,,2005,,,,,DATASOURCE,DATASOURCE_SA_0000001476_USA,0.9,0.9,,,,2018-10-25T13:07:02+02:00,2005,2005-01-01T00:00:00+01:00,2005-12-31T00:00:00+01:00
4539101,SA_0000001476,COUNTRY,PLW,WPR,YEAR,Western Pacific,,,2014,,,,,DATASOURCE,DATASOURCE_SA_0000001476_PLW,1.1,1.1,,,,2018-10-25T13:07:10+02:00,2014,2014-01-01T00:00:00+01:00,2014-12-31T00:00:00+01:00
4539137,SA_0000001476,COUNTRY,AZE,EUR,YEAR,Europe,,,2005,,,,,DATASOURCE,DATASOURCE_SA_0000001476_AZE,0.6,0.6,,,,2018-10-25T13:07:11+02:00,2005,2005-01-01T00:00:00+01:00,2005-12-31T00:00:00+01:00
4529137,SA_0000001476,COUNTRY,USA,AMR,YEAR,Americas,,,1999,,,,,DATASOURCE,DATASOURCE_SA_0000001476_USA,0.9,0.9,,,,2018-10-25T13:07:10+02:00,1999,1999-01-01T00:00:00+01:00,1999-12-31T00:00:00+01:00
4529232,SA_0000001476,COUNTRY,USA,AMR,YEAR,Americas,,,2008,,,,,DATASOURCE,DATASOURCE_SA_0000001476_USA,0.9,0.9,,,,2018-10-25T13:07:10+02:00,2008,2008-01-01T00:00:00+01:00,2008-12-31T00:00:00+01:00
4539527,SA_0000001476,COUNTRY,MKD,EUR,YEAR,Europe,,,2015,,,,,DATASOURCE,DATASOURCE_SA_0000001476_MKD,1.2,1.2,,,,2018-10-25T13:07:01+02:00,2015,2015-01-01T00:00:00+01:00,2015-12-31T00:00:00+01:00
4529176,SA_0000001476,COUNTRY,FIN,EUR,YEAR,Europe,,,2006,,,,,DATASOURCE,DATASOURCE_SA_0000001476_FIN,4.6,4.6,,,,2018-10-25T13:07:00+02:00,2006,2006-01-01T00:00:00+01:00,2006-12-31T00:00:00+01:00
4529274,SA_0000001476,COUNTRY,FIN,EUR,YEAR,Europe,,,2011,,,,,DATASOURCE,DATASOURCE_SA_0000001476_FIN,4.5,4.5,,,,2018-10-25T13:07:05+02:00,2011,2011-01-01T00:00:00+01:00,2011-12-31T00:00:00+01:00
4519720,SA_0000001476,COUNTRY,GBR,EUR,YEAR,Europe,,,1994,,,,,DATASOURCE,DATASOURCE_SA_0000001476_GBR,6.2,6.2,,,,2018-10-25T13:07:04+02:00,1994,1994-01-01T00:00:00+01:00,1994-12-31T00:00:00+01:00
4529259,SA_0000001476,COUNTRY,TJK,EUR,YEAR,Europe,,,2009,,,,,DATASOURCE,DATASOURCE_SA_0000001476_TJK,0.1,0.1,,,,2018-10-25T13:07:08+02:00,2009,2009-01-01T00:00:00+01:00,2009-12-31T00:00:00+01:00
4539212,SA_0000001476,COUNTRY,CZE,EUR,YEAR,Europe,,,2011,,,,,DATASOURCE,DATASOURCE_SA_0000001476_CZE,1.1,1.1,,,,2018-10-25T13:07:08+02:00,2011,2011-01-01T00:00:00+01:00,2011-12-31T00:00:00+01:00
4548507,SA_0000001476,COUNTRY,FIN,EUR,YEAR,Europe,,,2013,,,,,DATASOURCE,DATASOURCE_SA_0000001476_FIN,4.3,4.3,,,,2018-10-25T13:07:04+02:00,2013,2013-01-01T00:00:00+01:00,2013-12-31T00:00:00+01:00
4548523,SA_0000001476,COUNTRY,IRL,EUR,YEAR,Europe,,,2015,,,,,DATASOURCE,DATASOURCE_SA_0000001476_IRL,2.5,2.5,,,,2018-10-25T13:07:04+02:00,2015,2015-01-01T00:00:00+01:00,2015-12-31T00:00:00+01:00
4529087,SA_0000001476,COUNTRY,JPN,WPR,YEAR,Western Pacific,,,1995,,,,,DATASOURCE,DATASOURCE_SA_0000001476_JPN,1.2,1.2,,,,2018-10-25T13:07:08+02:00,1995,1995-01-01T00:00:00+01:00,1995-12-31T00:00:00+01:00
4529200,SA_0000001476,COUNTRY,GBR,EUR,YEAR,Europe,,,2004,,,,,DATASOURCE,DATASOURCE_SA_0000001476_GBR,5.5,5.5,,,,2018-10-25T13:07:05+02:00,2004,2004-01-01T00:00:00+01:00,2004-12-31T00:00:00+01:00
4539512,SA_0000001476,COUNTRY,TJK,EUR,YEAR,Europe,,,1991,,,,,DATASOURCE,DATASOURCE_SA_0000001476_TJK,1.7,1.7,,,,2018-10-25T13:07:10+02:00,1991,1991-01-01T00:00:00+01:00,1991-12-31T00:00:00+01:00
4539136,SA_0000001476,COUNTRY,USA,AMR,YEAR,Americas,,,2004,,,,,DATASOURCE,DATASOURCE_SA_0000001476_USA,1.1,1.1,,,,2018-10-25T13:07:08+02:00,2004,2004-01-01T00:00:00+01:00,2004-12-31T00:00:00+01:00
4539506,SA_0000001476,COUNTRY,AUS,WPR,YEAR,Western Pacific,,,1991,,,,,DATASOURCE,DATASOURCE_SA_0000001476_AUS,4.1,4.1,,,,2018-10-25T13:07:00+02:00,1991,1991-01-01T00:00:00+01:00,1991-12-31T00:00:00+01:00
4539157,SA_0000001476,COUNTRY,SVN,EUR,YEAR,Europe,,,2006,,,,,DATASOURCE,DATASOURCE_SA_0000001476_SVN,1,1.0,,,,2018-10-25T13:07:04+02:00,2006,2006-01-01T00:00:00+01:00,2006-12-31T00:00:00+01:00
4529151,SA_0000001476,COUNTRY,DNK,EUR,YEAR,Europe,,,2001,,,,,DATASOURCE,DATASOURCE_SA_0000001476_DNK,2.3,2.3,,,,2018-10-25T13:07:03+02:00,2001,2001-01-01T00:00:00+01:00,2001-12-31T00:00:00+01:00
4539113,SA_0000001476,COUNTRY,BLR,EUR,YEAR,Europe,,,2000,,,,,DATASOURCE,DATASOURCE_SA_0000001476_BLR,3.5,3.5,,,,2018-10-25T13:07:07+02:00,2000,2000-01-01T00:00:00+01:00,2000-12-31T00:00:00+01:00
4548483,SA_0000001476,COUNTRY,FIN,EUR,YEAR,Europe,,,2009,,,,,DATASOURCE,DATASOURCE_SA_0000001476_FIN,4.8,4.8,,,,2018-10-25T13:07:07+02:00,2009,2009-01-01T00:00:00+01:00,2009-12-31T00:00:00+01:00
4539083,SA_0000001476,COUNTRY,CZE,EUR,YEAR,Europe,,,2013,,,,,DATASOURCE,DATASOURCE_SA_0000001476_CZE,1.2,1.2,,,,2018-10-25T13:07:05+02:00,2013,2013-01-01T00:00:00+01:00,2013-12-31T00:00:00+01:00
4529128,SA_0000001476,COUNTRY,AUS,WPR,YEAR,Western Pacific,,,1999,,,,,DATASOURCE,DATASOURCE_SA_0000001476_AUS,2.9,2.9,,,,2018-10-25T13:07:04+02:00,1999,1999-01-01T00:00:00+01:00,1999-12-31T00:00:00+01:00
4539079,SA_0000001476,COUNTRY,GBR,EUR,YEAR,Europe,,,2012,,,,,DATASOURCE,DATASOURCE_SA_0000001476_GBR,1.6,1.6,,,,2018-10-25T13:07:01+02:00,2012,2012-01-01T00:00:00+01:00,2012-12-31T00:00:00+01:00
4539164,SA_0000001476,COUNTRY,EST,EUR,YEAR,Europe,,,2015,,,,,DATASOURCE,DATASOURCE_SA_0000001476_EST,2.2,2.2,,,,2018-10-25T13:07:04+02:00,2015,2015-01-01T00:00:00+01:00,2015-12-31T00:00:00+01:00
4539139,SA_0000001476,COUNTRY,COK,WPR,YEAR,Western Pacific,,,2005,,,,,DATASOURCE,DATASOURCE_SA_0000001476_COK,1.2,1.2,,,,2018-10-25T13:07:02+02:00,2005,2005-01-01T00:00:00+01:00,2005-12-31T00:00:00+01:00
4529233,SA_0000001476,COUNTRY,WSM,WPR,YEAR,Western Pacific,,,2008,,,,,DATASOURCE,DATASOURCE_SA_0000001476_WSM,0.7,0.7,,,,2018-10-25T13:07:10+02:00,2008,2008-01-01T00:00:00+01:00,2008-12-31T00:00:00+01:00
4539156,SA_0000001476,COUNTRY,RUS,EUR,YEAR,Europe,,,2006,,,,,DATASOURCE,DATASOURCE_SA_0000001476_RUS,1.9,1.9,,,,2018-10-25T13:07:08+02:00,2006,2006-01-01T00:00:00+01:00,2006-12-31T00:00:00+01:00
4519638,SA_0000001476,COUNTRY,FIN,EUR,YEAR,Europe,,,1990,,,,,DATASOURCE,DATASOURCE_SA_0000001476_FIN,7.1,7.1,,,,2018-10-25T13:07:06+02:00,1990,1990-01-01T00:00:00+01:00,1990-12-31T00:00:00+01:00
4529220,SA_0000001476,COUNTRY,GRC,EUR,YEAR,Europe,,,2007,,,,,DATASOURCE,DATASOURCE_SA_0000001476_GRC,0.9,0.9,,,,2018-10-25T13:07:00+02:00,2007,2007-01-01T00:00:00+01:00,2007-12-31T00:00:00+01:00
4539199,SA_0000001476,COUNTRY,ETH,AFR,YEAR,Africa,,,2010,,,,,DATASOURCE,DATASOURCE_SA_0000001476_ETH,3.6,3.6,,,,2018-10-25T13:07:00+02:00,2010,2010-01-01T00:00:00+01:00,2010-12-31T00:00:00+01:00
4548479,SA_0000001476,COUNTRY,SVN,EUR,YEAR,Europe,,,2008,,,,,DATASOURCE,DATASOURCE_SA_0000001476_SVN,1,1.0,,,,2018-10-25T13:07:06+02:00,2008,2008-01-01T00:00:00+01:00,2008-12-31T00:00:00+01:00
4529171,SA_0000001476,COUNTRY,AUT,EUR,YEAR,Europe,,,2004,,,,,DATASOURCE,DATASOURCE_SA_0000001476_AUT,1.4,1.4,,,,2018-10-25T13:07:00+02:00,2004,2004-01-01T00:00:00+01:00,2004-12-31T00:00:00+01:00
4548502,SA_0000001476,COUNTRY,MEX,AMR,YEAR,Americas,,,2012,,,,,DATASOURCE,DATASOURCE_SA_0000001476_MEX,1.9,1.9,,,,2018-10-25T13:07:06+02:00,2012,2012-01-01T00:00:00+01:00,2012-12-31T00:00:00+01:00
4548534,SA_0000001476,COUNTRY,AZE,EUR,YEAR,Europe,,,2017,,,,,DATASOURCE,DATASOURCE_SA_0000001476_AZE,0.5,0.5,,,,2018-10-25T13:07:03+02:00,2017,2017-01-01T00:00:00+01:00,2017-12-31T00:00:00+01:00
4529126,SA_0000001476,COUNTRY,NOR,EUR,YEAR,Europe,,,1998,,,,,DATASOURCE,DATASOURCE_SA_0000001476_NOR,4.1,4.1,,,,2018-10-25T13:07:00+02:00,1998,1998-01-01T00:00:00+01:00,1998-12-31T00:00:00+01:00
4548535,SA_0000001476,COUNTRY,BTN,SEAR,YEAR,South-East Asia,,,2017,,,,,DATASOURCE,DATASOURCE_SA_0000001476_BTN,3.2,3.2,,,,2018-10-29T13:25:46+01:00,2017,2017-01-01T00:00:00+01:00,2017-12-31T00:00:00+01:00
4529245,SA_0000001476,COUNTRY,NOR,EUR,YEAR,Europe,,,2007,,,,,DATASOURCE,DATASOURCE_SA_0000001476_NOR,2.8,2.8,,,,2018-10-25T13:07:02+02:00,2007,2007-01-01T00:00:00+01:00,2007-12-31T00:00:00+01:00
4529228,SA_0000001476,COUNTRY,ITA,EUR,YEAR,Europe,,,2008,,,,,DATASOURCE,DATASOURCE_SA_0000001476_ITA,0.7,0.7,,,,2018-10-25T13:07:05+02:00,2008,2008-01-01T00:00:00+01:00,2008-12-31T00:00:00+01:00
4529056,SA_0000001476,COUNTRY,RUS,EUR,YEAR,Europe,,,1993,,,,,DATASOURCE,DATASOURCE_SA_0000001476_RUS,3.1,3.1,,,,2018-10-25T13:07:09+02:00,1993,1993-01-01T00:00:00+01:00,1993-12-31T00:00:00+01:00
4539211,SA_0000001476,COUNTRY,TJK,EUR,YEAR,Europe,,,2010,,,,,DATASOURCE,DATASOURCE_SA_0000001476_TJK,0.1,0.1,,,,2018-10-25T13:07:10+02:00,2010,2010-01-01T00:00:00+01:00,2010-12-31T00:00:00+01:00
4519716,SA_0000001476,COUNTRY,KAZ,EUR,YEAR,Europe,,,1991,,,,,DATASOURCE,DATASOURCE_SA_0000001476_KAZ,4.3,4.3,,,,2018-10-25T13:07:08+02:00,1991,1991-01-01T00:00:00+01:00,1991-12-31T00:00:00+01:00
4529139,SA_0000001476,COUNTRY,DNK,EUR,YEAR,Europe,,,2000,,,,,DATASOURCE,DATASOURCE_SA_0000001476_DNK,2.3,2.3,,,,2018-10-25T13:07:09+02:00,2000,2000-01-01T00:00:00+01:00,2000-12-31T00:00:00+01:00
4529260,SA_0000001476,COUNTRY,CAN,AMR,YEAR,Americas,,,2009,,,,,DATASOURCE,DATASOURCE_SA_0000001476_CAN,2.1,2.1,,,,2018-10-25T13:07:04+02:00,2009,2009-01-01T00:00:00+01:00,2009-12-31T00:00:00+01:00
4529162,SA_0000001476,COUNTRY,FIN,EUR,YEAR,Europe,,,2003,,,,,DATASOURCE,DATASOURCE_SA_0000001476_FIN,5.4,5.4,,,,2018-10-25T13:07:03+02:00,2003,2003-01-01T00:00:00+01:00,2003-12-31T00:00:00+01:00
4529211,SA_0000001476,COUNTRY,TJK,EUR,YEAR,Europe,,,2006,,,,,DATASOURCE,DATASOURCE_SA_0000001476_TJK,0.2,0.2,,,,2018-10-25T13:07:02+02:00,2006,2006-01-01T00:00:00+01:00,2006-12-31T00:00:00+01:00
4529201,SA_0000001476,COUNTRY,ITA,EUR,YEAR,Europe,,,2004,,,,,DATASOURCE,DATASOURCE_SA_0000001476_ITA,0.8,0.8,,,,2018-10-25T13:07:06+02:00,2004,2004-01-01T00:00:00+01:00,2004-12-31T00:00:00+01:00
4548518,SA_0000001476,COUNTRY,AUS,WPR,YEAR,Western Pacific,,,2015,,,,,DATASOURCE,DATASOURCE_SA_0000001476_AUS,2.3,2.3,,,,2018-10-25T13:07:01+02:00,2015,2015-01-01T00:00:00+01:00,2015-12-31T00:00:00+01:00
4539135,SA_0000001476,COUNTRY,SWE,EUR,YEAR,Europe,,,2004,,,,,DATASOURCE,DATASOURCE_SA_0000001476_SWE,2.8,2.8,,,,2018-10-25T13:07:04+02:00,2004,2004-01-01T00:00:00+01:00,2004-12-31T00:00:00+01:00
4539104,SA_0000001476,COUNTRY,NZL,WPR,YEAR,Western Pacific,,,2015,,,,,DATASOURCE,DATASOURCE_SA_0000001476_NZL,1.7,1.7,,,,2018-10-25T13:07:03+02:00,2015,2015-01-01T00:00:00+01:00,2015-12-31T00:00:00+01:00
4529081,SA_0000001476,COUNTRY,NOR,EUR,YEAR,Europe,,,1994,,,,,DATASOURCE,DATASOURCE_SA_0000001476_NOR,4.2,4.2,,,,2018-10-25T13:07:09+02:00,1994,1994-01-01T00:00:00+01:00,1994-12-31T00:00:00+01:00
4539071,SA_0000001476,COUNTRY,AUT,EUR,YEAR,Europe,,,2011,,,,,DATASOURCE,DATASOURCE_SA_0000001476_AUT,1.4,1.4,,,,2018-10-25T13:07:03+02:00,2011,2011-01-01T00:00:00+01:00,2011-12-31T00:00:00+01:00
4539478,SA_0000001476,COUNTRY,BLR,EUR,YEAR,Europe,,,2013,,,,,DATASOURCE,DATASOURCE_SA_0000001476_BLR,2.6,2.6,,,,2018-10-25T13:07:02+02:00,2013,2013-01-01T00:00:00+01:00,2013-12-31T00:00:00+01:00
4539122,SA_0000001476,COUNTRY,SWE,EUR,YEAR,Europe,,,2002,,,,,DATASOURCE,DATASOURCE_SA_0000001476_SWE,3,3.0,,,,2018-10-25T13:07:02+02:00,2002,2002-01-01T00:00:00+01:00,2002-12-31T00:00:00+01:00
4539123,SA_0000001476,COUNTRY,EST,EUR,YEAR,Europe,,,2003,,,,,DATASOURCE,DATASOURCE_SA_0000001476_EST,2.1,2.1,,,,2018-10-25T13:07:01+02:00,2003,2003-01-01T00:00:00+01:00,2003-12-31T00:00:00+01:00
4539566,SA_0000001476,COUNTRY,ARM,EUR,YEAR,Europe,,,2002,,,,,DATASOURCE,DATASOURCE_SA_0000001476_ARM,1.6,1.6,,,,2018-10-25T13:07:09+02:00,2002,2002-01-01T00:00:00+01:00,2002-12-31T00:00:00+01:00
4539169,SA_0000001476,COUNTRY,EST,EUR,YEAR,Europe,,,2007,,,,,DATASOURCE,DATASOURCE_SA_0000001476_EST,1.9,1.9,,,,2018-10-25T13:07:11+02:00,2007,2007-01-01T00:00:00+01:00,2007-12-31T00:00:00+01:00
4539481,SA_0000001476,COUNTRY,MKD,EUR,YEAR,Europe,,,2013,,,,,DATASOURCE,DATASOURCE_SA_0000001476_MKD,1.3,1.3,,,,2018-10-25T13:07:11+02:00,2013,2013-01-01T00:00:00+01:00,2013-12-31T00:00:00+01:00
4529109,SA_0000001476,COUNTRY,ARM,EUR,YEAR,Europe,,,1996,,,,,DATASOURCE,DATASOURCE_SA_0000001476_ARM,1.3,1.3,,,,2018-10-25T13:07:07+02:00,1996,1996-01-01T00:00:00+01:00,1996-12-31T00:00:00+01:00
4539085,SA_0000001476,COUNTRY,ARM,EUR,YEAR,Europe,,,2014,,,,,DATASOURCE,DATASOURCE_SA_0000001476_ARM,1.3,1.3,,,,2018-10-25T13:07:04+02:00,2014,2014-01-01T00:00:00+01:00,2014-12-31T00:00:00+01:00
4529286,SA_0000001476,COUNTRY,DNK,EUR,YEAR,Europe,,,2012,,,,,DATASOURCE,DATASOURCE_SA_0000001476_DNK,1.7,1.7,,,,2018-10-25T13:07:05+02:00,2012,2012-01-01T00:00:00+01:00,2012-12-31T00:00:00+01:00
4548501,SA_0000001476,COUNTRY,LTU,EUR,YEAR,Europe,,,2012,,,,,DATASOURCE,DATASOURCE_SA_0000001476_LTU,2.4,2.4,,,,2018-10-25T13:07:02+02:00,2012,2012-01-01T00:00:00+01:00,2012-12-31T00:00:00+01:00
4529272,SA_0000001476,COUNTRY,UKR,EUR,YEAR,Europe,,,2010,,,,,DATASOURCE,DATASOURCE_SA_0000001476_UKR,1.6,1.6,,,,2018-10-25T13:07:04+02:00,2010,2010-01-01T00:00:00+01:00,2010-12-31T00:00:00+01:00
4539549,SA_0000001476,COUNTRY,MDA,EUR,YEAR,Europe,,,1995,,,,,DATASOURCE,DATASOURCE_SA_0000001476_MDA,1.9,1.9,,,,2018-10-25T13:07:10+02:00,1995,1995-01-01T00:00:00+01:00,1995-12-31T00:00:00+01:00
4519640,SA_0000001476,COUNTRY,ISL,EUR,YEAR,Europe,,,1990,,,,,DATASOURCE,DATASOURCE_SA_0000001476_ISL,3.4,3.4,,,,2018-10-25T13:07:07+02:00,1990,1990-01-01T00:00:00+01:00,1990-12-31T00:00:00+01:00
4548509,SA_0000001476,COUNTRY,JPN,WPR,YEAR,Western Pacific,,,2013,,,,,DATASOURCE,DATASOURCE_SA_0000001476_JPN,1,1.0,,,,2018-10-25T13:07:07+02:00,2013,2013-01-01T00:00:00+01:00,2013-12-31T00:00:00+01:00
4539521,SA_0000001476,COUNTRY,LTU,EUR,YEAR,Europe,,,1993,,,,,DATASOURCE,DATASOURCE_SA_0000001476_LTU,2,2.0,,,,2018-10-25T13:07:05+02:00,1993,1993-01-01T00:00:00+01:00,1993-12-31T00:00:00+01:00
4529108,SA_0000001476,COUNTRY,UZB,EUR,YEAR,Europe,,,1995,,,,,DATASOURCE,DATASOURCE_SA_0000001476_UZB,1.9,1.9,,,,2018-10-25T13:07:05+02:00,1995,1995-01-01T00:00:00+01:00,1995-12-31T00:00:00+01:00
4529069,SA_0000001476,COUNTRY,UZB,EUR,YEAR,Europe,,,1994,,,,,DATASOURCE,DATASOURCE_SA_0000001476_UZB,2.5,2.5,,,,2018-10-25T13:07:04+02:00,1994,1994-01-01T00:00:00+01:00,1994-12-31T00:00:00+01:00
4539166,SA_0000001476,COUNTRY,ARM,EUR,YEAR,Europe,,,2016,,,,,DATASOURCE,DATASOURCE_SA_0000001476_ARM,1.2,1.2,,,,2018-10-25T13:07:10+02:00,2016,2016-01-01T00:00:00+01:00,2016-12-31T00:00:00+01:00
4519726,SA_0000001476,COUNTRY,CAN,AMR,YEAR,Americas,,,1992,,,,,DATASOURCE,DATASOURCE_SA_0000001476_CAN,2.2,2.2,,,,2018-10-25T13:07:10+02:00,1992,1992-01-01T00:00:00+01:00,1992-12-31T00:00:00+01:00
4539114,SA_0000001476,COUNTRY,FIN,EUR,YEAR,Europe,,,2000,,,,,DATASOURCE,DATASOURCE_SA_0000001476_FIN,5.4,5.4,,,,2018-10-25T13:07:07+02:00,2000,2000-01-01T00:00:00+01:00,2000-12-31T00:00:00+01:00
4529068,SA_0000001476,COUNTRY,RUS,EUR,YEAR,Europe,,,1994,,,,,DATASOURCE,DATASOURCE_SA_0000001476_RUS,2.9,2.9,,,,2018-10-25T13:07:06+02:00,1994,1994-01-01T00:00:00+01:00,1994-12-31T00:00:00+01:00
4519721,SA_0000001476,COUNTRY,KAZ,EUR,YEAR,Europe,,,1994,,,,,DATASOURCE,DATASOURCE_SA_0000001476_KAZ,3.4,3.4,,,,2018-10-25T13:07:03+02:00,1994,1994-01-01T00:00:00+01:00,1994-12-31T00:00:00+01:00
4539524,SA_0000001476,COUNTRY,SWE,EUR,YEAR,Europe,,,2014,,,,,DATASOURCE,DATASOURCE_SA_0000001476_SWE,1.9,1.9,,,,2018-10-25T13:07:05+02:00,2014,2014-01-01T00:00:00+01:00,2014-12-31T00:00:00+01:00
4539488,SA_0000001476,COUNTRY,ROU,EUR,YEAR,Europe,,,2013,,,,,DATASOURCE,DATASOURCE_SA_0000001476_ROU,4,4.0,,,,2018-10-25T13:07:06+02:00,2013,2013-01-01T00:00:00+01:00,2013-12-31T00:00:00+01:00
4548488,SA_0000001476,COUNTRY,AZE,EUR,YEAR,Europe,,,2010,,,,,DATASOURCE,DATASOURCE_SA_0000001476_AZE,0.5,0.5,,,,2018-10-25T13:07:00+02:00,2010,2010-01-01T00:00:00+01:00,2010-12-31T00:00:00+01:00
4519645,SA_0000001476,COUNTRY,AZE,EUR,YEAR,Europe,,,1991,,,,,DATASOURCE,DATASOURCE_SA_0000001476_AZE,1.3,1.3,,,,2018-10-25T13:07:07+02:00,1991,1991-01-01T00:00:00+01:00,1991-12-31T00:00:00+01:00
4539184,SA_0000001476,COUNTRY,HUN,EUR,YEAR,Europe,,,2009,,,,,DATASOURCE,DATASOURCE_SA_0000001476_HUN,1.1,1.1,,,,2018-10-25T13:07:07+02:00,2009,2009-01-01T00:00:00+01:00,2009-12-31T00:00:00+01:00
4529280,SA_0000001476,COUNTRY,HUN,EUR,YEAR,Europe,,,2011,,,,,DATASOURCE,DATASOURCE_SA_0000001476_HUN,3.1,3.1,,,,2018-10-25T13:07:06+02:00,2011,2011-01-01T00:00:00+01:00,2011-12-31T00:00:00+01:00
4539130,SA_0000001476,COUNTRY,GRC,EUR,YEAR,Europe,,,2004,,,,,DATASOURCE,DATASOURCE_SA_0000001476_GRC,1,1.0,,,,2018-10-25T13:07:05+02:00,2004,2004-01-01T00:00:00+01:00,2004-12-31T00:00:00+01:00
4548466,SA_0000001476,COUNTRY,GRC,EUR,YEAR,Europe,,,2006,,,,,DATASOURCE,DATASOURCE_SA_0000001476_GRC,1,1.0,,,,2018-10-25T13:07:05+02:00,2006,2006-01-01T00:00:00+01:00,2006-12-31T00:00:00+01:00
4529163,SA_0000001476,COUNTRY,SVN,EUR,YEAR,Europe,,,2003,,,,,DATASOURCE,DATASOURCE_SA_0000001476_SVN,1,1.0,,,,2018-10-25T13:07:10+02:00,2003,2003-01-01T00:00:00+01:00,2003-12-31T00:00:00+01:00
4529145,SA_0000001476,COUNTRY,JPN,WPR,YEAR,Western Pacific,,,2000,,,,,DATASOURCE,DATASOURCE_SA_0000001476_JPN,1.2,1.2,,,,2018-10-25T13:07:06+02:00,2000,2000-01-01T00:00:00+01:00,2000-12-31T00:00:00+01:00
4548465,SA_0000001476,COUNTRY,CAN,AMR,YEAR,Americas,,,2006,,,,,DATASOURCE,DATASOURCE_SA_0000001476_CAN,2,2.0,,,,2018-10-25T13:07:11+02:00,2006,2006-01-01T00:00:00+01:00,2006-12-31T00:00:00+01:00
4539148,SA_0000001476,COUNTRY,NOR,EUR,YEAR,Europe,,,2005,,,,,DATASOURCE,DATASOURCE_SA_0000001476_NOR,3.1,3.1,,,,2018-10-25T13:07:08+02:00,2005,2005-01-01T00:00:00+01:00,2005-12-31T00:00:00+01:00
4539144,SA_0000001476,COUNTRY,DNK,EUR,YEAR,Europe,,,2005,,,,,DATASOURCE,DATASOURCE_SA_0000001476_DNK,1.9,1.9,,,,2018-10-25T13:07:07+02:00,2005,2005-01-01T00:00:00+01:00,2005-12-31T00:00:00+01:00
4519686,SA_0000001476,COUNTRY,RUS,EUR,YEAR,Europe,,,1992,,,,,DATASOURCE,DATASOURCE_SA_0000001476_RUS,4,4.0,,,,2018-10-25T13:07:03+02:00,1992,1992-01-01T00:00:00+01:00,1992-12-31T00:00:00+01:00
4519677,SA_0000001476,COUNTRY,TJK,EUR,YEAR,Europe,,,1990,,,,,DATASOURCE,DATASOURCE_SA_0000001476_TJK,1.8,1.8,,,,2018-10-25T13:07:05+02:00,1990,1990-01-01T00:00:00+01:00,1990-12-31T00:00:00+01:00
4548531,SA_0000001476,COUNTRY,EST,EUR,YEAR,Europe,,,2016,,,,,DATASOURCE,DATASOURCE_SA_0000001476_EST,2.1,2.1,,,,2018-10-25T13:07:08+02:00,2016,2016-01-01T00:00:00+01:00,2016-12-31T00:00:00+01:00
4529223,SA_0000001476,COUNTRY,NZL,WPR,YEAR,Western Pacific,,,2007,,,,,DATASOURCE,DATASOURCE_SA_0000001476_NZL,2,2.0,,,,2018-10-25T13:07:09+02:00,2007,2007-01-01T00:00:00+01:00,2007-12-31T00:00:00+01:00
4529120,SA_0000001476,COUNTRY,ITA,EUR,YEAR,Europe,,,1997,,,,,DATASOURCE,DATASOURCE_SA_0000001476_ITA,0.8,0.8,,,,2018-10-25T13:07:02+02:00,1997,1997-01-01T00:00:00+01:00,1997-12-31T00:00:00+01:00
4519696,SA_0000001476,COUNTRY,ZWE,AFR,YEAR,Africa,,,1990,,,,,DATASOURCE,DATASOURCE_SA_0000001476_ZWE,7,7.0,,,,2018-10-25T13:07:11+02:00,1990,1990-01-01T00:00:00+01:00,1990-12-31T00:00:00+01:00
4539499,SA_0000001476,COUNTRY,ARM,EUR,YEAR,Europe,,,1990,,,,,DATASOURCE,DATASOURCE_SA_0000001476_ARM,4,4.0,,,,2018-10-25T13:07:03+02:00,1990,1990-01-01T00:00:00+01:00,1990-12-31T00:00:00+01:00
4539511,SA_0000001476,COUNTRY,ROU,EUR,YEAR,Europe,,,1991,,,,,DATASOURCE,DATASOURCE_SA_0000001476_ROU,11,11.0,,,,2018-10-25T13:07:10+02:00,1991,1991-01-01T00:00:00+01:00,1991-12-31T00:00:00+01:00
4519639,SA_0000001476,COUNTRY,GBR,EUR,YEAR,Europe,,,1990,,,,,DATASOURCE,DATASOURCE_SA_0000001476_GBR,6.5,6.5,,,,2018-10-25T13:07:01+02:00,1990,1990-01-01T00:00:00+01:00,1990-12-31T00:00:00+01:00
4539106,SA_0000001476,COUNTRY,FIN,EUR,YEAR,Europe,,,1998,,,,,DATASOURCE,DATASOURCE_SA_0000001476_FIN,5.6,5.6,,,,2018-10-25T13:07:01+02:00,1998,1998-01-01T00:00:00+01:00,1998-12-31T00:00:00+01:00
4539088,SA_0000001476,COUNTRY,SVN,EUR,YEAR,Europe,,,2012,,,,,DATASOURCE,DATASOURCE_SA_0000001476_SVN,1.1,1.1,,,,2018-10-25T13:07:05+02:00,2012,2012-01-01T00:00:00+01:00,2012-12-31T00:00:00+01:00
4548532,SA_0000001476,COUNTRY,RUS,EUR,YEAR,Europe,,,2016,,,,,DATASOURCE,DATASOURCE_SA_0000001476_RUS,1.7,1.7,,,,2018-10-25T13:07:04+02:00,2016,2016-01-01T00:00:00+01:00,2016-12-31T00:00:00+01:00
4529127,SA_0000001476,COUNTRY,ARM,EUR,YEAR,Europe,,,1999,,,,,DATASOURCE,DATASOURCE_SA_0000001476_ARM,1.9,1.9,,,,2018-10-25T13:07:04+02:00,1999,1999-01-01T00:00:00+01:00,1999-12-31T00:00:00+01:00
4529125,SA_0000001476,COUNTRY,LTU,EUR,YEAR,Europe,,,1998,,,,,DATASOURCE,DATASOURCE_SA_0000001476_LTU,3.4,3.4,,,,2018-10-25T13:07:03+02:00,1998,1998-01-01T00:00:00+01:00,1998-12-31T00:00:00+01:00
4548478,SA_0000001476,COUNTRY,HUN,EUR,YEAR,Europe,,,2008,,,,,DATASOURCE,DATASOURCE_SA_0000001476_HUN,1.1,1.1,,,,2018-10-25T13:07:11+02:00,2008,2008-01-01T00:00:00+01:00,2008-12-31T00:00:00+01:00
4539556,SA_0000001476,COUNTRY,ROU,EUR,YEAR,Europe,,,1998,,,,,DATASOURCE,DATASOURCE_SA_0000001476_ROU,3.5,3.5,,,,2018-10-25T13:07:06+02:00,1998,1998-01-01T00:00:00+01:00,1998-12-31T00:00:00+01:00
4529192,SA_0000001476,COUNTRY,EST,EUR,YEAR,Europe,,,2002,,,,,DATASOURCE,DATASOURCE_SA_0000001476_EST,2.1,2.1,,,,2018-10-25T13:07:07+02:00,2002,2002-01-01T00:00:00+01:00,2002-12-31T00:00:00+01:00
4539500,SA_0000001476,COUNTRY,BLR,EUR,YEAR,Europe,,,1990,,,,,DATASOURCE,DATASOURCE_SA_0000001476_BLR,7.4,7.4,,,,2018-10-25T13:07:04+02:00,1990,1990-01-01T00:00:00+01:00,1990-12-31T00:00:00+01:00
4519708,SA_0000001476,COUNTRY,CAN,AMR,YEAR,Americas,,,1993,,,,,DATASOURCE,DATASOURCE_SA_0000001476_CAN,2.2,2.2,,,,2018-10-25T13:07:07+02:00,1993,1993-01-01T00:00:00+01:00,1993-12-31T00:00:00+01:00
4529248,SA_0000001476,COUNTRY,FIN,EUR,YEAR,Europe,,,2008,,,,,DATASOURCE,DATASOURCE_SA_0000001476_FIN,4.6,4.6,,,,2018-10-25T13:07:00+02:00,2008,2008-01-01T00:00:00+01:00,2008-12-31T00:00:00+01:00
4539569,SA_0000001476,COUNTRY,NOR,EUR,YEAR,Europe,,,2002,,,,,DATASOURCE,DATASOURCE_SA_0000001476_NOR,3.5,3.5,,,,2018-10-25T13:07:03+02:00,2002,2002-01-01T00:00:00+01:00,2002-12-31T00:00:00+01:00
4539505,SA_0000001476,COUNTRY,RUS,EUR,YEAR,Europe,,,1990,,,,,DATASOURCE,DATASOURCE_SA_0000001476_ROU,5,5.0,,,,2018-10-25T13:07:10+02:00,1990,1990-01-01T00:00:00+01:00,1990-12-31T00:00:00+01:00
4529257,SA_0000001476,COUNTRY,RUS,EUR,YEAR,Europe,,,2009,,,,,DATASOURCE,DATASOURCE_SA_0000001476_RUS,1.7,1.7,,,,2018-10-25T13:07:05+02:00,2009,2009-01-01T00:00:00+01:00,2009-12-31T00:00:00+01:00
4529289,SA_0000001476,COUNTRY,NLD,EUR,YEAR,Europe,,,2012,,,,,DATASOURCE,DATASOURCE_SA_0000001476_NLD,0.8,0.8,,,,2018-10-25T13:07:07+02:00,2012,2012-01-01T00:00:00+01:00,2012-12-31T00:00:00+01:00
4539146,SA_0000001476,COUNTRY,GRC,EUR,YEAR,Europe,,,2005,,,,,DATASOURCE,DATASOURCE_SA_0000001476_GRC,1,1.0,,,,2018-10-25T13:07:03+02:00,2005,2005-01-01T00:00:00+01:00,2005-12-31T00:00:00+01:00
4529082,SA_0000001476,COUNTRY,CAN,AMR,YEAR,Americas,,,1995,,,,,DATASOURCE,DATASOURCE_SA_0000001476_CAN,2.2,2.2,,,,2018-10-25T13:07:01+02:00,1995,1995-01-01T00:00:00+01:00,1995-12-31T00:00:00+01:00
4529190,SA_0000001476,COUNTRY,USA,AMR,YEAR,Americas,,,2000,,,,,DATASOURCE,DATASOURCE_SA_0000001476_USA,1,1.0,,,,2018-10-25T13:07:04+02:00,2000,2000-01-01T00:00:00+01:00,2000-12-31T00:00:00+01:00
4539103,SA_0000001476,COUNTRY,ALB,EUR,YEAR,Europe,,,2015,,,,,DATASOURCE,DATASOURCE_SA_0000001476_ALB,1.3,1.3,,,,2018-10-25T13:07:01+02:00,2015,2015-01-01T00:00:00+01:00,2015-12-31T00:00:00+01:00
4519684,SA_0000001476,COUNTRY,ITA,EUR,YEAR,Europe,,,1992,,,,,DATASOURCE,DATASOURCE_SA_0000001476_ITA,1.1,1.1,,,,2018-10-25T13:07:09+02:00,1992,1992-01-01T00:00:00+01:00,1992-12-31T00:00:00+01:00
4539574,SA_0000001476,COUNTRY,NOR,EUR,YEAR,Europe,,,2004,,,,,DATASOURCE,DATASOURCE_SA_0000001476_NOR,3.2,3.2,,,,2018-10-25T13:07:02+02:00,2004,2004-01-01T00:00:00+01:00,2004-12-31T00:00:00+01:00
4539565,SA_0000001476,COUNTRY,SWE,EUR,YEAR,Europe,,,2001,,,,,DATASOURCE,DATASOURCE_SA_0000001476_SWE,3.1,3.1,,,,2018-10-25T13:07:08+02:00,2001,2001-01-01T00:00:00+01:00,2001-12-31T00:00:00+01:00
4539537,SA_0000001476,COUNTRY,TKM,EUR,YEAR,Europe,,,1993,,,,,DATASOURCE,DATASOURCE_SA_0000001476_TKM,3.9,3.9,,,,2018-10-25T13:07:08+02:00,1993,1993-01-01T00:00:00+01:00,1993-12-31T00:00:00+01:00
4529076,SA_0000001476,COUNTRY,FIN,EUR,YEAR,Europe,,,1993,,,,,DATASOURCE,DATASOURCE_SA_0000001476_FIN,6.5,6.5,,,,2018-10-25T13:07:03+02:00,1993,1993-01-01T00:00:00+01:00,1993-12-31T00:00:00+01:00
4519715,SA_0000001476,COUNTRY,JPN,WPR,YEAR,Western Pacific,,,1990,,,,,DATASOURCE,DATASOURCE_SA_0000001476_JPN,1.2,1.2,,,,2018-10-25T13:07:11+02:00,1990,1990-01-01T00:00:00+01:00,1990-12-31T00:00:00+01:00
4539523,SA_0000001476,COUNTRY,RUS,EUR,YEAR,Europe,,,2014,,,,,DATASOURCE,DATASOURCE_SA_0000001476_RUS,1.7,1.7,,,,2018-10-25T13:07:02+02:00,2014,2014-01-01T00:00:00+01:00,2014-12-31T00:00:00+01:00
4529179,SA_0000001476,COUNTRY,JPN,WPR,YEAR,Western Pacific,,,2006,,,,,DATASOURCE,DATASOURCE_SA_0000001476_JPN,1.1,1.1,,,,2018-10-25T13:07:03+02:00,2006,2006-01-01T00:00:00+01:00,2006-12-31T00:00:00+01:00
4548469,SA_0000001476,COUNTRY,MEX,AMR,YEAR,Americas,,,2006,,,,,DATASOURCE,DATASOURCE_SA_0000001476_MEX,2,2.0,,,,2018-10-25T13:07:08+02:00,2006,2006-01-01T00:00:00+01:00,2006-12-31T00:00:00+01:00
4529249,SA_0000001476,COUNTRY,GRC,EUR,YEAR,Europe,,,2008,,,,,DATASOURCE,DATASOURCE_SA_0000001476_GRC,0.9,0.9,,,,2018-10-25T13:07:07+02:00,2008,2008-01-01T00:00:00+01:00,2008-12-31T00:00:00+01:00
4539582,SA_0000001476,COUNTRY,AUT,EUR,YEAR,Europe,,,2006,,,,,DATASOURCE,DATASOURCE_SA_0000001476_AUT,1.3,1.3,,,,2018-10-25T13:07:00+02:00,2006,2006-01-01T00:00:00+01:00,2006-12-31T00:00:00+01:00
4519703,SA_0000001476,COUNTRY,JPN,WPR,YEAR,Western Pacific,,,1991,,,,,DATASOURCE,DATASOURCE_SA_0000001476_JPN,1.3,1.3,,,,2018-10-25T13:07:05+02:00,1991,1991-01-01T00:00:00+01:00,1991-12-31T00:00:00+01:00
4548506,SA_0000001476,COUNTRY,AZE,EUR,YEAR,Europe,,,2013,,,,,DATASOURCE,DATASOURCE_SA_0000001476_AZE,0.5,0.5,,,,2018-10-25T13:07:10+02:00,2013,2013-01-01T00:00:00+01:00,2013-12-31T00:00:00+01:00
4529111,SA_0000001476,COUNTRY,NOR,EUR,YEAR,Europe,,,1996,,,,,DATASOURCE,DATASOURCE_SA_0000001476_NOR,4,4.0,,,,2018-10-25T13:07:00+02:00,1996,1996-01-01T00:00:00+01:00,1996-12-31T00:00:00+01:00
4548494,SA_0000001476,COUNTRY,HRV,EUR,YEAR,Europe,,,2011,,,,,DATASOURCE,DATASOURCE_SA_0000001476_HRV,1.5,1.5,,,,2018-10-25T13:07:07+02:00,2011,2011-01-01T00:00:00+01:00,2011-12-31T00:00:00+01:00
4539128,SA_0000001476,COUNTRY,DNK,EUR,YEAR,Europe,,,2004,,,,,DATASOURCE,DATASOURCE_SA_0000001476_DNK,1.9,1.9,,,,2018-10-25T13:07:07+02:00,2004,2004-01-01T00:00:00+01:00,2004-12-31T00:00:00+01:00
4529164,SA_0000001476,COUNTRY,SWE,EUR,YEAR,Europe,,,2003,,,,,DATASOURCE,DATASOURCE_SA_0000001476_SWE,3,3.0,,,,2018-10-25T13:07:02+02:00,2003,2003-01-01T00:00:00+01:00,2003-12-31T00:00:00+01:00
4529300,SA_0000001476,COUNTRY,CZE,EUR,YEAR,Europe,,,2010,,,,,DATASOURCE,DATASOURCE_SA_0000001476_CZE,1.1,1.1,,,,2018-10-25T13:07:08+02:00,2010,2010-01-01T00:00:00+01:00,2010-12-31T00:00:00+01:00
4539118,SA_0000001476,COUNTRY,ITA,EUR,YEAR,Europe,,,2001,,,,,DATASOURCE,DATASOURCE_SA_0000001476_ITA,0.8,0.8,,,,2018-10-25T13:07:09+02:00,2001,2001-01-01T00:00:00+01:00,2001-12-31T00:00:00+01:00
4539559,SA_0000001476,COUNTRY,FIN,EUR,YEAR,Europe,,,1999,,,,,DATASOURCE,DATASOURCE_SA_0000001476_FIN,5.7,5.7,,,,2018-10-25T13:07:07+02:00,1999,1999-01-01T00:00:00+01:00,1999-12-31T00:00:00+01:00
4539539,SA_0000001476,COUNTRY,LVA,EUR,YEAR,Europe,,,1994,,,,,DATASOURCE,DATASOURCE_SA_0000001476_LVA,2,2.0,,,,2018-10-25T13:07:05+02:00,1994,1994-01-01T00:00:00+01:00,1994-12-31T00:00:00+01:00
4519717,SA_0000001476,COUNTRY,POL,EUR,YEAR,Europe,,,1991,,,,,DATASOURCE,DATASOURCE_SA_0000001476_POL,8.5,8.5,,,,2018-10-25T13:07:07+02:00,1991,1991-01-01T00:00:00+01:00,1991-12-31T00:00:00+01:00
4539203,SA_0000001476,COUNTRY,NOR,EUR,YEAR,Europe,,,2010,,,,,DATASOURCE,DATASOURCE_SA_0000001476_NOR,2.1,2.1,,,,2018-10-25T13:07:05+02:00,2010,2010-01-01T00:00:00+01:00,2010-12-31T00:00:00+01:00
4529074,SA_0000001476,COUNTRY,ZAF,AFR,YEAR,Africa,,,1992,,,,,DATASOURCE,DATASOURCE_SA_0000001476_ZAF,7.8,7.8,,,,2018-10-25T13:07:01+02:00,1992,1992-01-01T00:00:00+01:00,1992-12-31T00:00:00+01:00
4529152,SA_0000001476,COUNTRY,EST,EUR,YEAR,Europe,,,2001,,,,,DATASOURCE,DATASOURCE_SA_0000001476_EST,1.9,1.9,,,,2018-10-25T13:07:07+02:00,2001,2001-01-01T00:00:00+01:00,2001-12-31T00:00:00+01:00
4529130,SA_0000001476,COUNTRY,ITA,EUR,YEAR,Europe,,,1998,,,,,DATASOURCE,DATASOURCE_SA_0000001476_ITA,0.8,0.8,,,,2018-10-25T13:07:08+02:00,1998,1998-01-01T00:00:00+01:00,1998-12-31T00:00:00+01:00
4529208,SA_0000001476,COUNTRY,ARM,EUR,YEAR,Europe,,,2006,,,,,DATASOURCE,DATASOURCE_SA_0000001476_ARM,1.7,1.7,,,,2018-10-25T13:07:08+02:00,2006,2006-01-01T00:00:00+01:00,2006-12-31T00:00:00+01:00
4529227,SA_0000001476,COUNTRY,AZE,EUR,YEAR,Europe,,,2008,,,,,DATASOURCE,DATASOURCE_SA_0000001476_AZE,0.6,0.6,,,,2018-10-25T13:07:00+02:00,2008,2008-01-01T00:00:00+01:00,2008-12-31T00:00:00+01:00
4529206,SA_0000001476,COUNTRY,ITA,EUR,YEAR,Europe,,,2005,,,,,DATASOURCE,DATASOURCE_SA_0000001476_ITA,0.8,0.8,,,,2018-10-25T13:07:00+02:00,2005,2005-01-01T00:00:00+01:00,2005-12-31T00:00:00+01:00
4529079,SA_0000001476,COUNTRY,ITA,EUR,YEAR,Europe,,,1994,,,,,DATASOURCE,DATASOURCE_SA_0000001476_ITA,0.9,0.9,,,,2018-10-25T13:07:09+02:00,1994,1994-01-01T00:00:00+01:00,1994-12-31T00:00:00+01:00
4539513,SA_0000001476,COUNTRY,AZE,EUR,YEAR,Europe,,,1992,,,,,DATASOURCE,DATASOURCE_SA_0000001476_AZE,1,1.0,,,,2018-10-25T13:07:01+02:00,1992,1992-01-01T00:00:00+01:00,1992-12-31T00:00:00+01:00
4539168,SA_0000001476,COUNTRY,CAN,AMR,YEAR,Americas,,,2007,,,,,DATASOURCE,DATASOURCE_SA_0000001476_CAN,2,2.0,,,,2018-10-25T13:07:04+02:00,2007,2007-01-01T00:00:00+01:00,2007-12-31T00:00:00+01:00
4519704,SA_0000001476,COUNTRY,KGZ,EUR,YEAR,Europe,,,1991,,,,,DATASOURCE,DATASOURCE_SA_0000001476_KGZ,4.2,4.2,,,,2018-10-25T13:07:09+02:00,1991,1991-01-01T00:00:00+01:00,1991-12-31T00:00:00+01:00
4529262,SA_0000001476,COUNTRY,HRV,EUR,YEAR,Europe,,,2009,,,,,DATASOURCE,DATASOURCE_SA_0000001476_HRV,1.5,1.5,,,,2018-10-25T13:07:07+02:00,2009,2009-01-01T00:00:00+01:00,2009-12-31T00:00:00+01:00
4519719,SA_0000001476,COUNTRY,FIN,EUR,YEAR,Europe,,,1994,,,,,DATASOURCE,DATASOURCE_SA_0000001476_FIN,6.2,6.2,,,,2018-10-25T13:07:09+02:00,1994,1994-01-01T00:00:00+01:00,1994-12-31T00:00:00+01:00
4539097,SA_0000001476,COUNTRY,TJK,EUR,YEAR,Europe,,,2013,,,,,DATASOURCE,DATASOURCE_SA_0000001476_TJK,0.1,0.1,,,,2018-10-25T13:07:11+02:00,2013,2013-01-01T00:00:00+01:00,2013-12-31T00:00:00+01:00
4539509,SA_0000001476,COUNTRY,ITA,EUR,YEAR,Europe,,,1991,,,,,DATASOURCE,DATASOURCE_SA_0000001476_ITA,1.1,1.1,,,,2018-10-25T13:07:06+02:00,1991,1991-01-01T00:00:00+01:00,1991-12-31T00:00:00+01:00
4548510,SA_0000001476,COUNTRY,SWE,EUR,YEAR,Europe,,,2013,,,,,DATASOURCE,DATASOURCE_SA_0000001476_SWE,1.9,1.9,,,,2018-10-25T13:07:02+02:00,2013,2013-01-01T00:00:00+01:00,2013-12-31T00:00:00+01:00
4519693,SA_0000001476,COUNTRY,TKM,EUR,YEAR,Europe,,,1990,,,,,DATASOURCE,DATASOURCE_SA_0000001476_TKM,3.4,3.4,,,,2018-10-25T13:07:09+02:00,1990,1990-01-01T00:00:00+01:00,1990-12-31T00:00:00+01:00
4529086,SA_0000001476,COUNTRY,ITA,EUR,YEAR,Europe,,,1995,,,,,DATASOURCE,DATASOURCE_SA_0000001476_ITA,0.8,0.8,,,,2018-10-25T13:07:03+02:00,1995,1995-01-01T00:00:00+01:00,1995-12-31T00:00:00+01:00
4548474,SA_0000001476,COUNTRY,BTN,SEAR,YEAR,South-East Asia,,,2007,,,,,DATASOURCE,DATASOURCE_SA_0000001476_BTN,3.8,3.8,,,,2018-10-25T13:07:06+02:00,2007,2007-01-01T00:00:00+01:00,2007-12-31T00:00:00+01:00
4529110,SA_0000001476,COUNTRY,JPN,WPR,YEAR,Western Pacific,,,1996,,,,,DATASOURCE,DATASOURCE_SA_0000001476_JPN,1.2,1.2,,,,2018-10-25T13:07:05+02:00,1996,1996-01-01T00:00:00+01:00,1996-12-31T00:00:00+01:00
4539570,SA_0000001476,COUNTRY,SVN,EUR,YEAR,Europe,,,2002,,,,,DATASOURCE,DATASOURCE_SA_0000001476_SVN,1,1.0,,,,2018-10-25T13:07:08+02:00,2002,2002-01-01T00:00:00+01:00,2002-12-31T00:00:00+01:00
4529058,SA_0000001476,COUNTRY,AUS,WPR,YEAR,Western Pacific,,,1994,,,,,DATASOURCE,DATASOURCE_SA_0000001476_AUS,2.9,2.9,,,,2018-10-25T13:07:00+02:00,1994,1994-01-01T00:00:00+01:00,1994-12-31T00:00:00+01:00
4548468,SA_0000001476,COUNTRY,HUN,EUR,YEAR,Europe,,,2006,,,,,DATASOURCE,DATASOURCE_SA_0000001476_HUN,1.1,1.1,,,,2018-10-25T13:07:03+02:00,2006,2006-01-01T00:00:00+01:00,2006-12-31T00:00:00+01:00
4548480,SA_0000001476,COUNTRY,SWE,EUR,YEAR,Europe,,,2008,,,,,DATASOURCE,DATASOURCE_SA_0000001476_SWE,2.7,2.7,,,,2018-10-25T13:07:09+02:00,2008,2008-01-01T00:00:00+01:00,2008-12-31T00:00:00+01:00
4539172,SA_0000001476,COUNTRY,ARM,EUR,YEAR,Europe,,,2008,,,,,DATASOURCE,DATASOURCE_SA_0000001476_ARM,1.5,1.5,,,,2018-10-25T13:07:10+02:00,2008,2008-01-01T00:00:00+01:00,2008-12-31T00:00:00+01:00
4529160,SA_0000001476,COUNTRY,JPN,WPR,YEAR,Western Pacific,,,2002,,,,,DATASOURCE,DATASOURCE_SA_0000001476_JPN,1.1,1.1,,,,2018-10-25T13:07:07+02:00,2002,2002-01-01T00:00:00+01:00,2002-12-31T00:00:00+01:00
4548489,SA_0000001476,COUNTRY,CAN,AMR,YEAR,Americas,,,2010,,,,,DATASOURCE,DATASOURCE_SA_0000001476_CAN,2,2.0,,,,2018-10-25T13:07:01+02:00,2010,2010-01-01T00:00:00+01:00,2010-12-31T00:00:00+01:00
4519637,SA_0000001476,COUNTRY,AZE,EUR,YEAR,Europe,,,1990,,,,,DATASOURCE,DATASOURCE_SA_0000001476_AZE,1.3,1.3,,,,2018-10-25T13:07:07+02:00,1990,1990-01-01T00:00:00+01:00,1990-12-31T00:00:00+01:00
4539096,SA_0000001476,COUNTRY,NZL,WPR,YEAR,Western Pacific,,,2013,,,,,DATASOURCE,DATASOURCE_SA_0000001476_NZL,1.9,1.9,,,,2018-10-25T13:07:02+02:00,2013,2013-01-01T00:00:00+01:00,2013-12-31T00:00:00+01:00
4539095,SA_0000001476,COUNTRY,CAN,AMR,YEAR,Americas,,,2015,,,,,DATASOURCE,DATASOURCE_SA_0000001476_CAN,1.2,1.2,,,,2018-10-25T13:07:10+02:00,2015,2015-01-01T00:00:00+01:00,2015-12-31T00:00:00+01:00
4519676,SA_0000001476,COUNTRY,PLW,WPR,YEAR,Western Pacific,,,1990,,,,,DATASOURCE,DATASOURCE_SA_0000001476_PLW,5.4,5.4,,,,2018-10-25T13:07:05+02:00,1990,1990-01-01T00:00:00+01:00,1990-12-31T00:00:00+01:00
4539573,SA_0000001476,COUNTRY,USA,AMR,YEAR,Americas,,,2003,,,,,DATASOURCE,DATASOURCE_SA_0000001476_USA,1,1.0,,,,2018-10-25T13:07:08+02:00,2003,2003-01-01T00:00:00+01:00,2003-12-31T00:00:00+01:00
4539538,SA_0000001476,COUNTRY,JPN,WPR,YEAR,Western Pacific,,,1994,,,,,DATASOURCE,DATASOURCE_SA_0000001476_JPN,1.1,1.1,,,,2018-10-25T13:07:02+02:00,1994,1994-01-01T00:00:00+01:00,1994-12-31T00:00:00+01:00
4519706,SA_0000001476,COUNTRY,UZB,EUR,YEAR,Europe,,,1991,,,,,DATASOURCE,DATASOURCE_SA_0000001476_UZB,3.2,3.2,,,,2018-10-25T13:07:06+02:00,1991,1991-01-01T00:00:00+01:00,1991-12-31T00:00:00+01:00
4548492,SA_0000001476,COUNTRY,BLR,EUR,YEAR,Europe,,,2011,,,,,DATASOURCE,DATASOURCE_SA_0000001476_BLR,2.2,2.2,,,,2018-10-25T13:07:00+02:00,2011,2011-01-01T00:00:00+01:00,2011-12-31T00:00:00+01:00
4539581,SA_0000001476,COUNTRY,SWE,EUR,YEAR,Europe,,,2005,,,,,DATASOURCE,DATASOURCE_SA_0000001476_SWE,2.8,2.8,,,,2018-10-25T13:07:09+02:00,2005,2005-01-01T00:00:00+01:00,2005-12-31T00:00:00+01:00
4529113,SA_0000001476,COUNTRY,GBR,EUR,YEAR,Europe,,,1997,,,,,DATASOURCE,DATASOURCE_SA_0000001476_GBR,6.1,6.1,,,,2018-10-25T13:07:08+02:00,1997,1997-01-01T00:00:00+01:00,1997-12-31T00:00:00+01:00
4529066,SA_0000001476,COUNTRY,CAN,AMR,YEAR,Americas,,,1994,,,,,DATASOURCE,DATASOURCE_SA_0000001476_CAN,2.2,2.2,,,,2018-10-25T13:07:07+02:00,1994,1994-01-01T00:00:00+01:00,1994-12-31T00:00:00+01:00
4529106,SA_0000001476,COUNTRY,RUS,EUR,YEAR,Europe,,,1995,,,,,DATASOURCE,DATASOURCE_SA_0000001476_RUS,2.5,2.5,,,,2018-10-25T13:07:01+02:00,1995,1995-01-01T00:00:00+01:00,1995-12-31T00:00:00+01:00
4539541,SA_0000001476,COUNTRY,AUT,EUR,YEAR,Europe,,,1995,,,,,DATASOURCE,DATASOURCE_SA_0000001476_AUT,1.7,1.7,,,,2018-10-25T13:07:10+02:00,1995,1995-01-01T00:00:00+01:00,1995-12-31T00:00:00+01:00
4529202,SA_0000001476,COUNTRY,JPN,WPR,YEAR,Western Pacific,,,2004,,,,,DATASOURCE,DATASOURCE_SA_0000001476_JPN,1.1,1.1,,,,2018-10-25T13:07:11+02:00,2004,2004-01-01T00:00:00+01:00,2004-12-31T00:00:00+01:00
4539562,SA_0000001476,COUNTRY,ARM,EUR,YEAR,Europe,,,2001,,,,,DATASOURCE,DATASOURCE_SA_0000001476_ARM,1.6,1.6,,,,2018-10-25T13:07:10+02:00,2001,2001-01-01T00:00:00+01:00,2001-12-31T00:00:00+01:00
4548515,SA_0000001476,COUNTRY,HUN,EUR,YEAR,Europe,,,2014,,,,,DATASOURCE,DATASOURCE_SA_0000001476_HUN,3.2,3.2,,,,2018-10-25T13:07:02+02:00,2014,2014-01-01T00:00:00+01:00,2014-12-31T00:00:00+01:00
4539170,SA_0000001476,COUNTRY,SWE,EUR,YEAR,Europe,,,2007,,,,,DATASOURCE,DATASOURCE_SA_0000001476_SWE,2.7,2.7,,,,2018-10-25T13:07:10+02:00,2007,2007-01-01T00:00:00+01:00,2007-12-31T00:00:00+01:00
4539163,SA_0000001476,COUNTRY,DNK,EUR,YEAR,Europe,,,2015,,,,,DATASOURCE,DATASOURCE_SA_0000001476_DNK,1.7,1.7,,,,2018-10-25T13:07:06+02:00,2015,2015-01-01T00:00:00+01:00,2015-12-31T00:00:00+01:00
4539220,SA_0000001476,COUNTRY,ARM,EUR,YEAR,Europe,,,2013,,,,,DATASOURCE,DATASOURCE_SA_0000001476_ARM,1.4,1.4,,,,2018-10-25T13:07:05+02:00,2013,2013-01-01T00:00:00+01:00,2013-12-31T00:00:00+01:00
4529191,SA_0000001476,COUNTRY,CAN,AMR,YEAR,Americas,,,2001,,,,,DATASOURCE,DATASOURCE_SA_0000001476_CAN,2,2.0,,,,2018-10-25T13:07:07+02:00,2001,2001-01-01T00:00:00+01:00,2001-12-31T00:00:00+01:00
4539551,SA_0000001476,COUNTRY,USA,AMR,YEAR,Americas,,,1995,,,,,DATASOURCE,DATASOURCE_SA_0000001476_USA,0.9,0.9,,,,2018-10-25T13:07:10+02:00,1995,1995-01-01T00:00:00+01:00,1995-12-31T00:00:00+01:00
4529283,SA_0000001476,COUNTRY,UKR,EUR,YEAR,Europe,,,2011,,,,,DATASOURCE,DATASOURCE_SA_0000001476_UKR,1.4,1.4,,,,2018-10-25T13:07:01+02:00,2011,2011-01-01T00:00:00+01:00,2011-12-31T00:00:00+01:00
4529263,SA_0000001476,COUNTRY,ITA,EUR,YEAR,Europe,,,2009,,,,,DATASOURCE,DATASOURCE_SA_0000001476_ITA,0.7,0.7,,,,2018-10-25T13:07:03+02:00,2009,2009-01-01T00:00:00+01:00,2009-12-31T00:00:00+01:00
4529241,SA_0000001476,COUNTRY,DNK,EUR,YEAR,Europe,,,2007,,,,,DATASOURCE,DATASOURCE_SA_0000001476_DNK,1.7,1.7,,,,2018-10-25T13:07:09+02:00,2007,2007-01-01T00:00:00+01:00,2007-12-31T00:00:00+01:00
4539167,SA_0000001476,COUNTRY,CAN,AMR,YEAR,Americas,,,2016,,,,,DATASOURCE,DATASOURCE_SA_0000001476_CAN,1.2,1.2,,,,2018-10-25T13:07:08+02:00,2016,2016-01-01T00:00:00+01:00,2016-12-31T00:00:00+01:00
4548519,SA_0000001476,COUNTRY,AZE,EUR,YEAR,Europe,,,2015,,,,,DATASOURCE,DATASOURCE_SA_0000001476_AZE,0.5,0.5,,,,2018-10-25T13:07:01+02:00,2015,2015-01-01T00:00:00+01:00,2015-12-31T00:00:00+01:00
4548498,SA_0000001476,COUNTRY,BTN,SEAR,YEAR,South-East Asia,,,2012,,,,,DATASOURCE,DATASOURCE_SA_0000001476_BTN,4.3,4.3,,,,2018-10-25T13:07:09+02:00,2012,2012-01-01T00:00:00+01:00,2012-12-31T00:00:00+01:00
4539155,SA_0000001476,COUNTRY,NOR,EUR,YEAR,Europe,,,2006,,,,,DATASOURCE,DATASOURCE_SA_0000001476_NOR,2.9,2.9,,,,2018-10-25T13:07:08+02:00,2006,2006-01-01T00:00:00+01:00,2006-12-31T00:00:00+01:00
4539571,SA_0000001476,COUNTRY,USA,AMR,YEAR,Americas,,,2002,,,,,DATASOURCE,DATASOURCE_SA_0000001476_USA,0.9,0.9,,,,2018-10-25T13:07:02+02:00,2002,2002-01-01T00:00:00+01:00,2002-12-31T00:00:00+01:00
4529153,SA_0000001476,COUNTRY,FIN,EUR,YEAR,Europe,,,2001,,,,,DATASOURCE,DATASOURCE_SA_0000001476_FIN,5.4,5.4,,,,2018-10-25T13:07:01+02:00,2001,2001-01-01T00:00:00+01:00,2001-12-31T00:00:00+01:00
4539516,SA_0000001476,COUNTRY,UZB,EUR,YEAR,Europe,,,1992,,,,,DATASOURCE,DATASOURCE_SA_0000001476_UZB,3.2,3.2,,,,2018-10-25T13:07:01+02:00,1992,1992-01-01T00:00:00+01:00,1992-12-31T00:00:00+01:00
4519687,SA_0000001476,COUNTRY,SWE,EUR,YEAR,Europe,,,1992,,,,,DATASOURCE,DATASOURCE_SA_0000001476_SWE,3.7,3.7,,,,2018-10-25T13:07:09+02:00,1992,1992-01-01T00:00:00+01:00,1992-12-31T00:00:00+01:00
4539535,SA_0000001476,COUNTRY,NOR,EUR,YEAR,Europe,,,1993,,,,,DATASOURCE,DATASOURCE_SA_0000001476_NOR,4.2,4.2,,,,2018-10-25T13:07:10+02:00,1993,1993-01-01T00:00:00+01:00,1993-12-31T00:00:00+01:00
4529196,SA_0000001476,COUNTRY,DNK,EUR,YEAR,Europe,,,2003,,,,,DATASOURCE,DATASOURCE_SA_0000001476_DNK,2.3,2.3,,,,2018-10-25T13:07:01+02:00,2003,2003-01-01T00:00:00+01:00,2003-12-31T00:00:00+01:00
4519646,SA_0000001476,COUNTRY,BLR,EUR,YEAR,Europe,,,1991,,,,,DATASOURCE,DATASOURCE_SA_0000001476_BLR,5.9,5.9,,,,2018-10-25T13:07:11+02:00,1991,1991-01-01T00:00:00+01:00,1991-12-31T00:00:00+01:00
4539153,SA_0000001476,COUNTRY,DNK,EUR,YEAR,Europe,,,2006,,,,,DATASOURCE,DATASOURCE_SA_0000001476_DNK,1.8,1.8,,,,2018-10-25T13:07:11+02:00,2006,2006-01-01T00:00:00+01:00,2006-12-31T00:00:00+01:00
4539217,SA_0000001476,COUNTRY,PHL,WPR,YEAR,Western Pacific,,,2012,,,,,DATASOURCE,DATASOURCE_SA_0000001476_PHL,0.6,0.6,,,,2018-10-25T13:07:11+02:00,2012,2012-01-01T00:00:00+01:00,2012-12-31T00:00:00+01:00
4539185,SA_0000001476,COUNTRY,MKD,EUR,YEAR,Europe,,,2009,,,,,DATASOURCE,DATASOURCE_SA_0000001476_MKD,1.8,1.8,,,,2018-10-25T13:07:02+02:00,2009,2009-01-01T00:00:00+01:00,2009-12-31T00:00:00+01:00
4529250,SA_0000001476,COUNTRY,MEX,AMR,YEAR,Americas,,,2008,,,,,DATASOURCE,DATASOURCE_SA_0000001476_MEX,1.9,1.9,,,,2018-10-25T13:07:05+02:00,2008,2008-01-01T00:00:00+01:00,2008-12-31T00:00:00+01:00
4539129,SA_0000001476,COUNTRY,FIN,EUR,YEAR,Europe,,,2004,,,,,DATASOURCE,DATASOURCE_SA_0000001476_FIN,4.8,4.8,,,,2018-10-25T13:07:09+02:00,2004,2004-01-01T00:00:00+01:00,2004-12-31T00:00:00+01:00
4539560,SA_0000001476,COUNTRY,EST,EUR,YEAR,Europe,,,2000,,,,,DATASOURCE,DATASOURCE_SA_0000001476_EST,2.1,2.1,,,,2018-10-25T13:07:11+02:00,2000,2000-01-01T00:00:00+01:00,2000-12-31T00:00:00+01:00
4539542,SA_0000001476,COUNTRY,AZE,EUR,YEAR,Europe,,,1995,,,,,DATASOURCE,DATASOURCE_SA_0000001476_AZE,0.9,0.9,,,,2018-10-25T13:07:09+02:00,1995,1995-01-01T00:00:00+01:00,1995-12-31T00:00:00+01:00
4539519,SA_0000001476,COUNTRY,ITA,EUR,YEAR,Europe,,,1993,,,,,DATASOURCE,DATASOURCE_SA_0000001476_ITA,1,1.0,,,,2018-10-25T13:07:11+02:00,1993,1993-01-01T00:00:00+01:00,1993-12-31T00:00:00+01:00
4539218,SA_0000001476,COUNTRY,POL,EUR,YEAR,Europe,,,2012,,,,,DATASOURCE,DATASOURCE_SA_0000001476_POL,0.8,0.8,,,,2018-10-25T13:07:09+02:00,2012,2012-01-01T00:00:00+01:00,2012-12-31T00:00:00+01:00
4529226,SA_0000001476,COUNTRY,THA,SEAR,YEAR,South-East Asia,,,2007,,,,,DATASOURCE,DATASOURCE_SA_0000001476_THA,1.6,1.6,,,,2018-10-25T13:07:05+02:00,2007,2007-01-01T00:00:00+01:00,2007-12-31T00:00:00+01:00
4519731,SA_0000001476,COUNTRY,AUS,WPR,YEAR,Western Pacific,,,1993,,,,,DATASOURCE,DATASOURCE_SA_0000001476_AUS,2.9,2.9,,,,2018-10-25T13:07:06+02:00,1993,1993-01-01T00:00:00+01:00,1993-12-31T00:00:00+01:00
4539087,SA_0000001476,COUNTRY,SGP,WPR,YEAR,Western Pacific,,,2012,,,,,DATASOURCE,DATASOURCE_SA_0000001476_SGP,0.3,0.3,,,,2018-10-25T13:07:08+02:00,2012,2012-01-01T00:00:00+01:00,2012-12-31T00:00:00+01:00
4548481,SA_0000001476,COUNTRY,TJK,EUR,YEAR,Europe,,,2008,,,,,DATASOURCE,DATASOURCE_SA_0000001476_TJK,0.1,0.1,,,,2018-10-25T13:07:08+02:00,2008,2008-01-01T00:00:00+01:00,2008-12-31T00:00:00+01:00
4539529,SA_0000001476,COUNTRY,ITA,EUR,YEAR,Europe,,,2016,,,,,DATASOURCE,DATASOURCE_SA_0000001476_ITA,1.6,1.6,,,,2018-10-25T13:07:10+02:00,2016,2016-01-01T00:00:00+01:00,2016-12-31T00:00:00+01:00
4539518,SA_0000001476,COUNTRY,GBR,EUR,YEAR,Europe,,,1993,,,,,DATASOURCE,DATASOURCE_SA_0000001476_GBR,6.2,6.2,,,,2018-10-25T13:07:05+02:00,1993,1993-01-01T00:00:00+01:00,1993-12-31T00:00:00+01:00
4539517,SA_0000001476,COUNTRY,AZE,EUR,YEAR,Europe,,,1993,,,,,DATASOURCE,DATASOURCE_SA_0000001476_AZE,1.2,1.2,,,,2018-10-25T13:07:08+02:00,1993,1993-01-01T00:00:00+01:00,1993-12-31T00:00:00+01:00
4529075,SA_0000001476,COUNTRY,ARM,EUR,YEAR,Europe,,,1993,,,,,DATASOURCE,DATASOURCE_SA_0000001476_ARM,3.4,3.4,,,,2018-10-25T13:07:06+02:00,1993,1993-01-01T00:00:00+01:00,1993-12-31T00:00:00+01:00
4548513,SA_0000001476,COUNTRY,BLR,EUR,YEAR,Europe,,,2014,,,,,DATASOURCE,DATASOURCE_SA_0000001476_BLR,2.5,2.5,,,,2018-10-25T13:07:04+02:00,2014,2014-01-01T00:00:00+01:00,2014-12-31T00:00:00+01:00
4529107,SA_0000001476,COUNTRY,SWE,EUR,YEAR,Europe,,,1995,,,,,DATASOURCE,DATASOURCE_SA_0000001476_SWE,3.1,3.1,,,,2018-10-25T13:07:04+02:00,1995,1995-01-01T00:00:00+01:00,1995-12-31T00:00:00+01:00
4529221,SA_0000001476,COUNTRY,JPN,WPR,YEAR,Western Pacific,,,2007,,,,,DATASOURCE,DATASOURCE_SA_0000001476_JPN,1.1,1.1,,,,2018-10-25T13:07:09+02:00,2007,2007-01-01T00:00:00+01:00,2007-12-31T00:00:00+01:00
4548512,SA_0000001476,COUNTRY,AZE,EUR,YEAR,Europe,,,2014,,,,,DATASOURCE,DATASOURCE_SA_0000001476_AZE,0.5,0.5,,,,2018-10-25T13:07:04+02:00,2014,2014-01-01T00:00:00+01:00,2014-12-31T00:00:00+01:00
4548490,SA_0000001476,COUNTRY,EST,EUR,YEAR,Europe,,,2010,,,,,DATASOURCE,DATASOURCE_SA_0000001476_EST,2.2,2.2,,,,2018-10-25T13:07:08+02:00,2010,2010-01-01T00:00:00+01:00,2010-12-31T00:00:00+01:00
4519724,SA_0000001476,COUNTRY,TKM,EUR,YEAR,Europe,,,1991,,,,,DATASOURCE,DATASOURCE_SA_0000001476_TKM,2.6,2.6,,,,2018-10-25T13:07:10+02:00,1991,1991-01-01T00:00:00+01:00,1991-12-31T00:00:00+01:00
4519730,SA_0000001476,COUNTRY,POL,EUR,YEAR,Europe,,,1992,,,,,DATASOURCE,DATASOURCE_SA_0000001476_POL,7.2,7.2,,,,2018-10-25T13:07:00+02:00,1992,1992-01-01T00:00:00+01:00,1992-12-31T00:00:00+01:00
4539544,SA_0000001476,COUNTRY,GBR,EUR,YEAR,Europe,,,1995,,,,,DATASOURCE,DATASOURCE_SA_0000001476_GBR,6,6.0,,,,2018-10-25T13:07:05+02:00,1995,1995-01-01T00:00:00+01:00,1995-12-31T00:00:00+01:00
4548529,SA_0000001476,COUNTRY,ALB,EUR,YEAR,Europe,,,2016,,,,,DATASOURCE,DATASOURCE_SA_0000001476_ALB,1.3,1.3,,,,2018-10-25T13:07:06+02:00,2016,2016-01-01T00:00:00+01:00,2016-12-31T00:00:00+01:00
4539072,SA_0000001476,COUNTRY,AZE,EUR,YEAR,Europe,,,2011,,,,,DATASOURCE,DATASOURCE_SA_0000001476_AZE,0.5,0.5,,,,2018-10-25T13:07:06+02:00,2011,2011-01-01T00:00:00+01:00,2011-12-31T00:00:00+01:00
4529174,SA_0000001476,COUNTRY,AUT,EUR,YEAR,Europe,,,2005,,,,,DATASOURCE,DATASOURCE_SA_0000001476_AUT,1.4,1.4,,,,2018-10-25T13:07:06+02:00,2005,2005-01-01T00:00:00+01:00,2005-12-31T00:00:00+01:00
4548504,SA_0000001476,COUNTRY,SWE,EUR,YEAR,Europe,,,2012,,,,,DATASOURCE,DATASOURCE_SA_0000001476_SWE,1.9,1.9,,,,2018-10-25T13:07:02+02:00,2012,2012-01-01T00:00:00+01:00,2012-12-31T00:00:00+01:00
4548533,SA_0000001476,COUNTRY,UZB,EUR,YEAR,Europe,,,2016,,,,,DATASOURCE,DATASOURCE_SA_0000001476_UZB,0.5,0.5,,,,2018-10-25T13:07:11+02:00,2016,2016-01-01T00:00:00+01:00,2016-12-31T00:00:00+01:00
4529097,SA_0000001476,COUNTRY,ROU,EUR,YEAR,Europe,,,1997,,,,,DATASOURCE,DATASOURCE_SA_0000001476_ROU,2.9,2.9,,,,2018-10-25T13:07:01+02:00,1997,1997-01-01T00:00:00+01:00,1997-12-31T00:00:00+01:00
4548496,SA_0000001476,COUNTRY,TJK,EUR,YEAR,Europe,,,2011,,,,,DATASOURCE,DATASOURCE_SA_0000001476_TJK,0.1,0.1,,,,2018-10-25T13:07:05+02:00,2011,2011-01-01T00:00:00+01:00,2011-12-31T00:00:00+01:00
4529148,SA_0000001476,COUNTRY,SVN,EUR,YEAR,Europe,,,2000,,,,,DATASOURCE,DATASOURCE_SA_0000001476_SVN,1.1,1.1,,,,2018-10-25T13:07:02+02:00,2000,2000-01-01T00:00:00+01:00,2000-12-31T00:00:00+01:00
4529099,SA_0000001476,COUNTRY,AUT,EUR,YEAR,Europe,,,1998,,,,,DATASOURCE,DATASOURCE_SA_0000001476_AUT,1.5,1.5,,,,2018-10-25T13:07:01+02:00,1998,1998-01-01T00:00:00+01:00,1998-12-31T00:00:00+01:00
4539202,SA_0000001476,COUNTRY,NLD,EUR,YEAR,Europe,,,2010,,,,,DATASOURCE,DATASOURCE_SA_0000001476_NLD,0.7,0.7,,,,2018-10-25T13:07:07+02:00,2010,2010-01-01T00:00:00+01:00,2010-12-31T00:00:00+01:00
4519644,SA_0000001476,COUNTRY,USA,AMR,YEAR,Americas,,,1990,,,,,DATASOURCE,DATASOURCE_SA_0000001476_USA,0.9,0.9,,,,2018-10-25T13:07:06+02:00,1990,1990-01-01T00:00:00+01:00,1990-12-31T00:00:00+01:00
4529088,SA_0000001476,COUNTRY,CAN,AMR,YEAR,Americas,,,1996,,,,,DATASOURCE,DATASOURCE_SA_0000001476_CAN,2,2.0,,,,2018-10-25T13:07:01+02:00,1996,1996-01-01T00:00:00+01:00,1996-12-31T00:00:00+01:00
4529172,SA_0000001476,COUNTRY,EST,EUR,YEAR,Europe,,,2004,,,,,DATASOURCE,DATASOURCE_SA_0000001476_EST,1.9,1.9,,,,2018-10-25T13:07:01+02:00,2004,2004-01-01T00:00:00+01:00,2004-12-31T00:00:00+01:00
4519643,SA_0000001476,COUNTRY,NOR,EUR,YEAR,Europe,,,1990,,,,,DATASOURCE,DATASOURCE_SA_0000001476_NOR,4.6,4.6,,,,2018-10-25T13:07:02+02:00,1990,1990-01-01T00:00:00+01:00,1990-12-31T00:00:00+01:00
4519732,SA_0000001476,COUNTRY,BLR,EUR,YEAR,Europe,,,1993,,,,,DATASOURCE,DATASOURCE_SA_0000001476_BLR,5.6,5.6,,,,2018-10-25T13:07:07+02:00,1993,1993-01-01T00:00:00+01:00,1993-12-31T00:00:00+01:00
4529234,SA_0000001476,COUNTRY,ARM,EUR,YEAR,Europe,,,2009,,,,,DATASOURCE,DATASOURCE_SA_0000001476_ARM,1.6,1.6,,,,2018-10-25T13:07:09+02:00,2009,2009-01-01T00:00:00+01:00,2009-12-31T00:00:00+01:00
4539564,SA_0000001476,COUNTRY,SVN,EUR,YEAR,Europe,,,2001,,,,,DATASOURCE,DATASOURCE_SA_0000001476_SVN,1,1.0,,,,2018-10-25T13:07:02+02:00,2001,2001-01-01T00:00:00+01:00,2001-12-31T00:00:00+01:00
4529301,SA_0000001476,COUNTRY,FIN,EUR,YEAR,Europe,,,2010,,,,,DATASOURCE,DATASOURCE_SA_0000001476_FIN,4.7,4.7,,,,2018-10-25T13:07:00+02:00,2010,2010-01-01T00:00:00+01:00,2010-12-31T00:00:00+01:00
4529085,SA_0000001476,COUNTRY,ARM,EUR,YEAR,Europe,,,1995,,,,,DATASOURCE,DATASOURCE_SA_0000001476_ARM,1.7,1.7,,,,2018-10-25T13:07:06+02:00,1995,1995-01-01T00:00:00+01:00,1995-12-31T00:00:00+01:00
4548530,SA_0000001476,COUNTRY,AZE,EUR,YEAR,Europe,,,2016,,,,,DATASOURCE,DATASOURCE_SA_0000001476_AZE,0.6,0.6,,,,2018-10-25T13:07:03+02:00,2016,2016-01-01T00:00:00+01:00,2016-12-31T00:00:00+01:00
4539174,SA_0000001476,COUNTRY,MKD,EUR,YEAR,Europe,,,2016,,,,,DATASOURCE,DATASOURCE_SA_0000001476_MKD,1.1,1.1,,,,2018-10-25T13:07:10+02:00,2016,2016-01-01T00:00:00+01:00,2016-12-31T00:00:00+01:00
4539504,SA_0000001476,COUNTRY,POL,EUR,YEAR,Europe,,,1990,,,,,DATASOURCE,DATASOURCE_SA_0000001476_POL,8.5,8.5,,,,2018-10-25T13:07:00+02:00,1990,1990-01-01T00:00:00+01:00,1990-12-31T00:00:00+01:00
4539145,SA_0000001476,COUNTRY,FIN,EUR,YEAR,Europe,,,2005,,,,,DATASOURCE,DATASOURCE_SA_0000001476_FIN,4.6,4.6,,,,2018-10-25T13:07:11+02:00,2005,2005-01-01T00:00:00+01:00,2005-12-31T00:00:00+01:00
4529203,SA_0000001476,COUNTRY,SVN,EUR,YEAR,Europe,,,2004,,,,,DATASOURCE,DATASOURCE_SA_0000001476_SVN,0.9,0.9,,,,2018-10-25T13:07:11+02:00,2004,2004-01-01T00:00:00+01:00,2004-12-31T00:00:00+01:00
4529083,SA_0000001476,COUNTRY,KGZ,EUR,YEAR,Europe,,,1995,,,,,DATASOURCE,DATASOURCE_SA_0000001476_KGZ,1.9,1.9,,,,2018-10-25T13:07:00+02:00,1995,1995-01-01T00:00:00+01:00,1995-12-31T00:00:00+01:00
4529194,SA_0000001476,COUNTRY,ARM,EUR,YEAR,Europe,,,2003,,,,,DATASOURCE,DATASOURCE_SA_0000001476_ARM,1.6,1.6,,,,2018-10-25T13:07:08+02:00,2003,2003-01-01T00:00:00+01:00,2003-12-31T00:00:00+01:00
4519648,SA_0000001476,COUNTRY,CYP,EUR,YEAR,Europe,,,1991,,,,,DATASOURCE,DATASOURCE_SA_0000001476_CYP,0.6,0.6,,,,2018-10-25T13:07:00+02:00,1991,1991-01-01T00:00:00+01:00,1991-12-31T00:00:00+01:00
4539219,SA_0000001476,COUNTRY,UKR,EUR,YEAR,Europe,,,2012,,,,,DATASOURCE,DATASOURCE_SA_0000001476_UKR,1.5,1.5,,,,2018-10-25T13:07:06+02:00,2012,2012-01-01T00:00:00+01:00,2012-12-31T00:00:00+01:00
4539576,SA_0000001476,COUNTRY,EST,EUR,YEAR,Europe,,,2005,,,,,DATASOURCE,DATASOURCE_SA_0000001476_EST,1.9,1.9,,,,2018-10-25T13:07:03+02:00,2005,2005-01-01T00:00:00+01:00,2005-12-31T00:00:00+01:00
4548471,SA_0000001476,COUNTRY,USA,AMR,YEAR,Americas,,,2006,,,,,DATASOURCE,DATASOURCE_SA_0000001476_USA,1,1.0,,,,2018-10-25T13:07:10+02:00,2006,2006-01-01T00:00:00+01:00,2006-12-31T00:00:00+01:00
4539503,SA_0000001476,COUNTRY,MDA,EUR,YEAR,Europe,,,1990,,,,,DATASOURCE,DATASOURCE_SA_0000001476_MDA,2.6,2.6,,,,2018-10-25T13:07:00+02:00,1990,1990-01-01T00:00:00+01:00,1990-12-31T00:00:00+01:00
4539540,SA_0000001476,COUNTRY,MEX,AMR,YEAR,Americas,,,1994,,,,,DATASOURCE,DATASOURCE_SA_0000001476_MEX,1,1.0,,,,2018-10-25T13:07:08+02:00,1994,1994-01-01T00:00:00+01:00,1994-12-31T00:00:00+01:00
4519710,SA_0000001476,COUNTRY,JPN,WPR,YEAR,Western Pacific,,,1993,,,,,DATASOURCE,DATASOURCE_SA_0000001476_JPN,1.2,1.2,,,,2018-10-25T13:07:02+02:00,1993,1993-01-01T00:00:00+01:00,1993-12-31T00:00:00+01:00
4539536,SA_0000001476,COUNTRY,TJK,EUR,YEAR,Europe,,,1993,,,,,DATASOURCE,DATASOURCE_SA_0000001476_TJK,2.2,2.2,,,,2018-10-25T13:07:04+02:00,1993,1993-01-01T00:00:00+01:00,1993-12-31T00:00:00+01:00
4548525,SA_0000001476,COUNTRY,RUS,EUR,YEAR,Europe,,,2015,,,,,DATASOURCE,DATASOURCE_SA_0000001476_RUS,1.8,1.8,,,,2018-10-25T13:07:08+02:00,2015,2015-01-01T00:00:00+01:00,2015-12-31T00:00:00+01:00
4529240,SA_0000001476,COUNTRY,MKD,EUR,YEAR,Europe,,,2006,,,,,DATASOURCE,DATASOURCE_SA_0000001476_MKD,1.3,1.3,,,,2018-10-25T13:07:10+02:00,2006,2006-01-01T00:00:00+01:00,2006-12-31T00:00:00+01:00
4519697,SA_0000001476,COUNTRY,ARM,EUR,YEAR,Europe,,,1991,,,,,DATASOURCE,DATASOURCE_SA_0000001476_ARM,2.8,2.8,,,,2018-10-25T13:07:05+02:00,1991,1991-01-01T00:00:00+01:00,1991-12-31T00:00:00+01:00
4548475,SA_0000001476,COUNTRY,HUN,EUR,YEAR,Europe,,,2007,,,,,DATASOURCE,DATASOURCE_SA_0000001476_HUN,1.1,1.1,,,,2018-10-25T13:07:09+02:00,2007,2007-01-01T00:00:00+01:00,2007-12-31T00:00:00+01:00
4529285,SA_0000001476,COUNTRY,CAN,AMR,YEAR,Americas,,,2012,,,,,DATASOURCE,DATASOURCE_SA_0000001476_CAN,1.1,1.1,,,,2018-10-25T13:07:06+02:00,2012,2012-01-01T00:00:00+01:00,2012-12-31T00:00:00+01:00
4529078,SA_0000001476,COUNTRY,DNK,EUR,YEAR,Europe,,,1994,,,,,DATASOURCE,DATASOURCE_SA_0000001476_DNK,2.4,2.4,,,,2018-10-25T13:07:03+02:00,1994,1994-01-01T00:00:00+01:00,1994-12-31T00:00:00+01:00
4529157,SA_0000001476,COUNTRY,AUT,EUR,YEAR,Europe,,,2002,,,,,DATASOURCE,DATASOURCE_SA_0000001476_AUT,1.4,1.4,,,,2018-10-25T13:07:10+02:00,2002,2002-01-01T00:00:00+01:00,2002-12-31T00:00:00+01:00
4539543,SA_0000001476,COUNTRY,BLR,EUR,YEAR,Europe,,,1995,,,,,DATASOURCE,DATASOURCE_SA_0000001476_BLR,3.3,3.3,,,,2018-10-25T13:07:01+02:00,1995,1995-01-01T00:00:00+01:00,1995-12-31T00:00:00+01:00
4539557,SA_0000001476,COUNTRY,AUT,EUR,YEAR,Europe,,,1999,,,,,DATASOURCE,DATASOURCE_SA_0000001476_AUT,1.5,1.5,,,,2018-10-25T13:07:01+02:00,1999,1999-01-01T00:00:00+01:00,1999-12-31T00:00:00+01:00
4539181,SA_0000001476,COUNTRY,AUT,EUR,YEAR,Europe,,,2008,,,,,DATASOURCE,DATASOURCE_SA_0000001476_AUT,1.4,1.4,,,,2018-10-25T13:07:00+02:00,2008,2008-01-01T00:00:00+01:00,2008-12-31T00:00:00+01:00
4539074,SA_0000001476,COUNTRY,RUS,EUR,YEAR,Europe,,,2011,,,,,DATASOURCE,DATASOURCE_SA_0000001476_RUS,1.7,1.7,,,,2018-10-25T13:07:06+02:00,2011,2011-01-01T00:00:00+01:00,2011-12-31T00:00:00+01:00
4529134,SA_0000001476,COUNTRY,ISL,EUR,YEAR,Europe,,,2000,,,,,DATASOURCE,DATASOURCE_SA_0000001476_ISL,3.3,3.3,,,,2018-10-25T13:07:06+02:00,2000,2000-01-01T00:00:00+01:00,2000-12-31T00:00:00+01:00
4529231,SA_0000001476,COUNTRY,RUS,EUR,YEAR,Europe,,,2008,,,,,DATASOURCE,DATASOURCE_SA_0000001476_RUS,1.6,1.6,,,,2018-10-25T13:07:10+02:00,2008,2008-01-01T00:00:00+01:00,2008-12-31T00:00:00+01:00
4529230,SA_0000001476,COUNTRY,MKD,EUR,YEAR,Europe,,,2008,,,,,DATASOURCE,DATASOURCE_SA_0000001476_MKD,1.7,1.7,,,,2018-10-25T13:07:04+02:00,2008,2008-01-01T00:00:00+01:00,2008-12-31T00:00:00+01:00
4529207,SA_0000001476,COUNTRY,LBN,EMR,YEAR,Eastern Mediterranean,,,2005,,,,,DATASOURCE,DATASOURCE_SA_0000001476_LBN,0.1,0.1,,,,2018-10-25T13:07:04+02:00,2005,2005-01-01T00:00:00+01:00,2005-12-31T00:00:00+01:00
4539580,SA_0000001476,COUNTRY,SVN,EUR,YEAR,Europe,,,2005,,,,,DATASOURCE,DATASOURCE_SA_0000001476_SVN,0.9,0.9,,,,2018-10-25T13:07:10+02:00,2005,2005-01-01T00:00:00+01:00,2005-12-31T00:00:00+01:00
4529057,SA_0000001476,COUNTRY,ARM,EUR,YEAR,Europe,,,1994,,,,,DATASOURCE,DATASOURCE_SA_0000001476_ARM,2.2,2.2,,,,2018-10-25T13:07:00+02:00,1994,1994-01-01T00:00:00+01:00,1994-12-31T00:00:00+01:00
4529055,SA_0000001476,COUNTRY,MDA,EUR,YEAR,Europe,,,1993,,,,,DATASOURCE,DATASOURCE_SA_0000001476_MDA,2.2,2.2,,,,2018-10-25T13:07:03+02:00,1993,1993-01-01T00:00:00+01:00,1993-12-31T00:00:00+01:00
4519718,SA_0000001476,COUNTRY,UZB,EUR,YEAR,Europe,,,1993,,,,,DATASOURCE,DATASOURCE_SA_0000001476_UZB,2.9,2.9,,,,2018-10-25T13:07:06+02:00,1993,1993-01-01T00:00:00+01:00,1993-12-31T00:00:00+01:00
4529114,SA_0000001476,COUNTRY,NOR,EUR,YEAR,Europe,,,1997,,,,,DATASOURCE,DATASOURCE_SA_0000001476_NOR,4.1,4.1,,,,2018-10-25T13:07:07+02:00,1997,1997-01-01T00:00:00+01:00,1997-12-31T00:00:00+01:00
4548526,SA_0000001476,COUNTRY,SVN,EUR,YEAR,Europe,,,2015,,,,,DATASOURCE,DATASOURCE_SA_0000001476_SVN,1,1.0,,,,2018-10-25T13:07:11+02:00,2015,2015-01-01T00:00:00+01:00,2015-12-31T00:00:00+01:00
4539490,SA_0000001476,COUNTRY,DNK,EUR,YEAR,Europe,,,2014,,,,,DATASOURCE,DATASOURCE_SA_0000001476_DNK,1.7,1.7,,,,2018-10-25T13:07:02+02:00,2014,2014-01-01T00:00:00+01:00,2014-12-31T00:00:00+01:00
4539100,SA_0000001476,COUNTRY,NLD,EUR,YEAR,Europe,,,2014,,,,,DATASOURCE,DATASOURCE_SA_0000001476_NLD,0.8,0.8,,,,2018-10-25T13:07:04+02:00,2014,2014-01-01T00:00:00+01:00,2014-12-31T00:00:00+01:00
4539515,SA_0000001476,COUNTRY,ISL,EUR,YEAR,Europe,,,1992,,,,,DATASOURCE,DATASOURCE_SA_0000001476_ISL,3.2,3.2,,,,2018-10-25T13:07:11+02:00,1992,1992-01-01T00:00:00+01:00,1992-12-31T00:00:00+01:00
4539120,SA_0000001476,COUNTRY,CAN,AMR,YEAR,Americas,,,2002,,,,,DATASOURCE,DATASOURCE_SA_0000001476_CAN,2.1,2.1,,,,2018-10-25T13:07:00+02:00,2002,2002-01-01T00:00:00+01:00,2002-12-31T00:00:00+01:00
4529197,SA_0000001476,COUNTRY,GBR,EUR,YEAR,Europe,,,2003,,,,,DATASOURCE,DATASOURCE_SA_0000001476_GBR,5.6,5.6,,,,2018-10-25T13:07:11+02:00,2003,2003-01-01T00:00:00+01:00,2003-12-31T00:00:00+01:00
4529302,SA_0000001476,COUNTRY,HRV,EUR,YEAR,Europe,,,2010,,,,,DATASOURCE,DATASOURCE_SA_0000001476_HRV,1.5,1.5,,,,2018-10-25T13:07:00+02:00,2010,2010-01-01T00:00:00+01:00,2010-12-31T00:00:00+01:00
4539138,SA_0000001476,COUNTRY,BLR,EUR,YEAR,Europe,,,2005,,,,,DATASOURCE,DATASOURCE_SA_0000001476_BLR,2.5,2.5,,,,2018-10-25T13:07:07+02:00,2005,2005-01-01T00:00:00+01:00,2005-12-31T00:00:00+01:00
4529229,SA_0000001476,COUNTRY,LTU,EUR,YEAR,Europe,,,2008,,,,,DATASOURCE,DATASOURCE_SA_0000001476_LTU,2.5,2.5,,,,2018-10-25T13:07:02+02:00,2008,2008-01-01T00:00:00+01:00,2008-12-31T00:00:00+01:00
4539215,SA_0000001476,COUNTRY,EST,EUR,YEAR,Europe,,,2011,,,,,DATASOURCE,DATASOURCE_SA_0000001476_EST,2.1,2.1,,,,2018-10-25T13:07:03+02:00,2011,2011-01-01T00:00:00+01:00,2011-12-31T00:00:00+01:00
4539193,SA_0000001476,COUNTRY,BLR,EUR,YEAR,Europe,,,2010,,,,,DATASOURCE,DATASOURCE_SA_0000001476_BLR,2.2,2.2,,,,2018-10-25T13:07:04+02:00,2010,2010-01-01T00:00:00+01:00,2010-12-31T00:00:00+01:00
4539208,SA_0000001476,COUNTRY,NZL,WPR,YEAR,Western Pacific,,,2010,,,,,DATASOURCE,DATASOURCE_SA_0000001476_NZL,2.1,2.1,,,,2018-10-25T13:07:08+02:00,2010,2010-01-01T00:00:00+01:00,2010-12-31T00:00:00+01:00
4529146,SA_0000001476,COUNTRY,ROU,EUR,YEAR,Europe,,,2000,,,,,DATASOURCE,DATASOURCE_SA_0000001476_ROU,3.8,3.8,,,,2018-10-25T13:07:10+02:00,2000,2000-01-01T00:00:00+01:00,2000-12-31T00:00:00+01:00
4539119,SA_0000001476,COUNTRY,JPN,WPR,YEAR,Western Pacific,,,2001,,,,,DATASOURCE,DATASOURCE_SA_0000001476_JPN,1.1,1.1,,,,2018-10-25T13:07:00+02:00,2001,2001-01-01T00:00:00+01:00,2001-12-31T00:00:00+01:00
4529089,SA_0000001476,COUNTRY,GBR,EUR,YEAR,Europe,,,1996,,,,,DATASOURCE,DATASOURCE_SA_0000001476_GBR,6.2,6.2,,,,2018-10-25T13:07:10+02:00,1996,1996-01-01T00:00:00+01:00,1996-12-31T00:00:00+01:00
4539479,SA_0000001476,COUNTRY,CAN,AMR,YEAR,Americas,,,2013,,,,,DATASOURCE,DATASOURCE_SA_0000001476_CAN,1.2,1.2,,,,2018-10-25T13:07:06+02:00,2013,2013-01-01T00:00:00+01:00,2013-12-31T00:00:00+01:00
4539069,SA_0000001476,COUNTRY,RUS,EUR,YEAR,Europe,,,2010,,,,,DATASOURCE,DATASOURCE_SA_0000001476_RUS,1.7,1.7,,,,2018-10-25T13:07:03+02:00,2010,2010-01-01T00:00:00+01:00,2010-12-31T00:00:00+01:00
4539480,SA_0000001476,COUNTRY,DNK,EUR,YEAR,Europe,,,2013,,,,,DATASOURCE,DATASOURCE_SA_0000001476_DNK,1.8,1.8,,,,2018-10-25T13:07:04+02:00,2013,2013-01-01T00:00:00+01:00,2013-12-31T00:00:00+01:00
4539579,SA_0000001476,COUNTRY,RUS,EUR,YEAR,Europe,,,2005,,,,,DATASOURCE,DATASOURCE_SA_0000001476_RUS,1.9,1.9,,,,2018-10-25T13:07:02+02:00,2005,2005-01-01T00:00:00+01:00,2005-12-31T00:00:00+01:00
4519707,SA_0000001476,COUNTRY,BLR,EUR,YEAR,Europe,,,1992,,,,,DATASOURCE,DATASOURCE_SA_0000001476_BLR,5.4,5.4,,,,2018-10-25T13:07:04+02:00,1992,1992-01-01T00:00:00+01:00,1992-12-31T00:00:00+01:00
4519675,SA_0000001476,COUNTRY,CAN,AMR,YEAR,Americas,,,1990,,,,,DATASOURCE,DATASOURCE_SA_0000001476_CAN,2.3,2.3,,,,2018-10-25T13:07:03+02:00,1990,1990-01-01T00:00:00+01:00,1990-12-31T00:00:00+01:00
4548528,SA_0000001476,COUNTRY,ZAF,AFR,YEAR,Africa,,,2015,,,,,DATASOURCE,DATASOURCE_SA_0000001476_ZAF,0.5,0.5,,,,2018-10-25T13:07:06+02:00,2015,2015-01-01T00:00:00+01:00,2015-12-31T00:00:00+01:00
4529096,SA_0000001476,COUNTRY,EST,EUR,YEAR,Europe,,,1997,,,,,DATASOURCE,DATASOURCE_SA_0000001476_EST,1.9,1.9,,,,2018-10-25T13:07:05+02:00,1997,1997-01-01T00:00:00+01:00,1997-12-31T00:00:00+01:00
4539507,SA_0000001476,COUNTRY,GBR,EUR,YEAR,Europe,,,1991,,,,,DATASOURCE,DATASOURCE_SA_0000001476_GBR,6.5,6.5,,,,2018-10-25T13:07:06+02:00,1991,1991-01-01T00:00:00+01:00,1991-12-31T00:00:00+01:00
4539090,SA_0000001476,COUNTRY,NOR,EUR,YEAR,Europe,,,2013,,,,,DATASOURCE,DATASOURCE_SA_0000001476_NOR,2.3,2.3,,,,2018-10-25T13:07:08+02:00,2013,2013-01-01T00:00:00+01:00,2013-12-31T00:00:00+01:00
4539563,SA_0000001476,COUNTRY,GBR,EUR,YEAR,Europe,,,2001,,,,,DATASOURCE,DATASOURCE_SA_0000001476_GBR,5.7,5.7,,,,2018-10-25T13:07:04+02:00,2001,2001-01-01T00:00:00+01:00,2001-12-31T00:00:00+01:00
4539555,SA_0000001476,COUNTRY,GBR,EUR,YEAR,Europe,,,1998,,,,,DATASOURCE,DATASOURCE_SA_0000001476_GBR,6.1,6.1,,,,2018-10-25T13:07:08+02:00,1998,1998-01-01T00:00:00+01:00,1998-12-31T00:00:00+01:00
4539525,SA_0000001476,COUNTRY,UKR,EUR,YEAR,Europe,,,2014,,,,,DATASOURCE,DATASOURCE_SA_0000001476_UKR,1.5,1.5,,,,2018-10-25T13:07:10+02:00,2014,2014-01-01T00:00:00+01:00,2014-12-31T00:00:00+01:00
4529147,SA_0000001476,COUNTRY,RUS,EUR,YEAR,Europe,,,2000,,,,,DATASOURCE,DATASOURCE_SA_0000001476_RUS,2.5,2.5,,,,2018-10-25T13:07:05+02:00,2000,2000-01-01T00:00:00+01:00,2000-12-31T00:00:00+01:00
4548505,SA_0000001476,COUNTRY,THA,SEAR,YEAR,South-East Asia,,,2012,,,,,DATASOURCE,DATASOURCE_SA_0000001476_THA,1.2,1.2,,,,2018-10-25T13:07:10+02:00,2012,2012-01-01T00:00:00+01:00,2012-12-31T00:00:00+01:00
4548477,SA_0000001476,COUNTRY,UKR,EUR,YEAR,Europe,,,2007,,,,,DATASOURCE,DATASOURCE_SA_0000001476_UKR,1.7,1.7,,,,2018-10-25T13:07:09+02:00,2007,2007-01-01T00:00:00+01:00,2007-12-31T00:00:00+01:00
4529247,SA_0000001476,COUNTRY,DNK,EUR,YEAR,Europe,,,2008,,,,,DATASOURCE,DATASOURCE_SA_0000001476_DNK,1.7,1.7,,,,2018-10-25T13:07:03+02:00,2008,2008-01-01T00:00:00+01:00,2008-12-31T00:00:00+01:00
4529059,SA_0000001476,COUNTRY,AZE,EUR,YEAR,Europe,,,1994,,,,,DATASOURCE,DATASOURCE_SA_0000001476_AZE,1.1,1.1,,,,2018-10-25T13:07:03+02:00,1994,1994-01-01T00:00:00+01:00,1994-12-31T00:00:00+01:00
4529213,SA_0000001476,COUNTRY,BLR,EUR,YEAR,Europe,,,2007,,,,,DATASOURCE,DATASOURCE_SA_0000001476_BLR,2.3,2.3,,,,2018-10-25T13:07:11+02:00,2007,2007-01-01T00:00:00+01:00,2007-12-31T00:00:00+01:00
4529067,SA_0000001476,COUNTRY,KGZ,EUR,YEAR,Europe,,,1994,,,,,DATASOURCE,DATASOURCE_SA_0000001476_KGZ,2.7,2.7,,,,2018-10-25T13:07:06+02:00,1994,1994-01-01T00:00:00+01:00,1994-12-31T00:00:00+01:00
4529150,SA_0000001476,COUNTRY,AUT,EUR,YEAR,Europe,,,2001,,,,,DATASOURCE,DATASOURCE_SA_0000001476_AUT,1.4,1.4,,,,2018-10-25T13:07:04+02:00,2001,2001-01-01T00:00:00+01:00,2001-12-31T00:00:00+01:00
4539216,SA_0000001476,COUNTRY,AUT,EUR,YEAR,Europe,,,2012,,,,,DATASOURCE,DATASOURCE_SA_0000001476_AUT,1.4,1.4,,,,2018-10-25T13:07:08+02:00,2012,2012-01-01T00:00:00+01:00,2012-12-31T00:00:00+01:00
4539117,SA_0000001476,COUNTRY,ITA,EUR,YEAR,Europe,,,2000,,,,,DATASOURCE,DATASOURCE_SA_0000001476_ITA,0.8,0.8,,,,2018-10-25T13:07:11+02:00,2000,2000-01-01T00:00:00+01:00,2000-12-31T00:00:00+01:00
4548511,SA_0000001476,COUNTRY,UKR,EUR,YEAR,Europe,,,2013,,,,,DATASOURCE,DATASOURCE_SA_0000001476_UKR,1.5,1.5,,,,2018-10-25T13:07:04+02:00,2013,2013-01-01T00:00:00+01:00,2013-12-31T00:00:00+01:00
4539102,SA_0000001476,COUNTRY,THA,SEAR,YEAR,South-East Asia,,,2014,,,,,DATASOURCE,DATASOURCE_SA_0000001476_THA,1,1.0,,,,2018-10-25T13:07:11+02:00,2014,2014-01-01T00:00:00+01:00,2014-12-31T00:00:00+01:00
4548524,SA_0000001476,COUNTRY,ITA,EUR,YEAR,Europe,,,2015,,,,,DATASOURCE,DATASOURCE_SA_0000001476_ITA,1.6,1.6,,,,2018-10-25T13:07:03+02:00,2015,2015-01-01T00:00:00+01:00,2015-12-31T00:00:00+01:00
4539125,SA_0000001476,COUNTRY,JPN,WPR,YEAR,Western Pacific,,,2003,,,,,DATASOURCE,DATASOURCE_SA_0000001476_JPN,1.1,1.1,,,,2018-10-25T13:07:00+02:00,2003,2003-01-01T00:00:00+01:00,2003-12-31T00:00:00+01:00
4539522,SA_0000001476,COUNTRY,NOR,EUR,YEAR,Europe,,,2014,,,,,DATASOURCE,DATASOURCE_SA_0000001476_NOR,2.2,2.2,,,,2018-10-25T13:07:04+02:00,2014,2014-01-01T00:00:00+01:00,2014-12-31T00:00:00+01:00
4529281,SA_0000001476,COUNTRY,MKD,EUR,YEAR,Europe,,,2011,,,,,DATASOURCE,DATASOURCE_SA_0000001476_MKD,1.6,1.6,,,,2018-10-25T13:07:08+02:00,2011,2011-01-01T00:00:00+01:00,2011-12-31T00:00:00+01:00
4529284,SA_0000001476,COUNTRY,BLR,EUR,YEAR,Europe,,,2012,,,,,DATASOURCE,DATASOURCE_SA_0000001476_BLR,2.6,2.6,,,,2018-10-25T13:07:06+02:00,2012,2012-01-01T00:00:00+01:00,2012-12-31T00:00:00+01:00
4529256,SA_0000001476,COUNTRY,ROU,EUR,YEAR,Europe,,,2009,,,,,DATASOURCE,DATASOURCE_SA_0000001476_ROU,4,4.0,,,,2018-10-25T13:07:04+02:00,2009,2009-01-01T00:00:00+01:00,2009-12-31T00:00:00+01:00
4529158,SA_0000001476,COUNTRY,DNK,EUR,YEAR,Europe,,,2002,,,,,DATASOURCE,DATASOURCE_SA_0000001476_DNK,2.2,2.2,,,,2018-10-25T13:07:01+02:00,2002,2002-01-01T00:00:00+01:00,2002-12-31T00:00:00+01:00
4539508,SA_0000001476,COUNTRY,GEO,EUR,YEAR,Europe,,,1991,,,,,DATASOURCE,DATASOURCE_SA_0000001476_GEO,1.1,1.1,,,,2018-10-25T13:07:01+02:00,1991,1991-01-01T00:00:00+01:00,1991-12-31T00:00:00+01:00
4519712,SA_0000001476,COUNTRY,POL,EUR,YEAR,Europe,,,1993,,,,,DATASOURCE,DATASOURCE_SA_0000001476_POL,6.8,6.8,,,,2018-10-25T13:07:06+02:00,1993,1993-01-01T00:00:00+01:00,1993-12-31T00:00:00+01:00
4539567,SA_0000001476,COUNTRY,GBR,EUR,YEAR,Europe,,,2002,,,,,DATASOURCE,DATASOURCE_SA_0000001476_GBR,5.8,5.8,,,,2018-10-25T13:07:05+02:00,2002,2002-01-01T00:00:00+01:00,2002-12-31T00:00:00+01:00
4548484,SA_0000001476,COUNTRY,GRC,EUR,YEAR,Europe,,,2009,,,,,DATASOURCE,DATASOURCE_SA_0000001476_GRC,0.9,0.9,,,,2018-10-25T13:07:00+02:00,2009,2009-01-01T00:00:00+01:00,2009-12-31T00:00:00+01:00
4548470,SA_0000001476,COUNTRY,PLW,WPR,YEAR,Western Pacific,,,2006,,,,,DATASOURCE,DATASOURCE_SA_0000001476_PLW,0.9,0.9,,,,2018-10-25T13:07:02+02:00,2006,2006-01-01T00:00:00+01:00,2006-12-31T00:00:00+01:00
4529070,SA_0000001476,COUNTRY,NOR,EUR,YEAR,Europe,,,1992,,,,,DATASOURCE,DATASOURCE_SA_0000001476_NOR,4.4,4.4,,,,2018-10-25T13:07:09+02:00,1992,1992-01-01T00:00:00+01:00,1992-12-31T00:00:00+01:00
4539487,SA_0000001476,COUNTRY,NLD,EUR,YEAR,Europe,,,2013,,,,,DATASOURCE,DATASOURCE_SA_0000001476_NLD,0.8,0.8,,,,2018-10-25T13:07:01+02:00,2013,2013-01-01T00:00:00+01:00,2013-12-31T00:00:00+01:00
4539126,SA_0000001476,COUNTRY,ARM,EUR,YEAR,Europe,,,2004,,,,,DATASOURCE,DATASOURCE_SA_0000001476_ARM,1.6,1.6,,,,2018-10-25T13:07:02+02:00,2004,2004-01-01T00:00:00+01:00,2004-12-31T00:00:00+01:00
4539092,SA_0000001476,COUNTRY,CAN,AMR,YEAR,Americas,,,2014,,,,,DATASOURCE,DATASOURCE_SA_0000001476_CAN,1.1,1.1,,,,2018-10-25T13:07:07+02:00,2014,2014-01-01T00:00:00+01:00,2014-12-31T00:00:00+01:00
4529209,SA_0000001476,COUNTRY,FRA,EUR,YEAR,Europe,,,2006,,,,,DATASOURCE,DATASOURCE_SA_0000001476_FRA,1.4,1.4,,,,2018-10-25T13:07:05+02:00,2006,2006-01-01T00:00:00+01:00,2006-12-31T00:00:00+01:00
4529205,SA_0000001476,COUNTRY,ISL,EUR,YEAR,Europe,,,2005,,,,,DATASOURCE,DATASOURCE_SA_0000001476_ISL,2.9,2.9,,,,2018-10-25T13:07:03+02:00,2005,2005-01-01T00:00:00+01:00,2005-12-31T00:00:00+01:00
4548495,SA_0000001476,COUNTRY,NOR,EUR,YEAR,Europe,,,2011,,,,,DATASOURCE,DATASOURCE_SA_0000001476_NOR,2,2.0,,,,2018-10-25T13:07:11+02:00,2011,2011-01-01T00:00:00+01:00,2011-12-31T00:00:00+01:00
4529198,SA_0000001476,COUNTRY,ISL,EUR,YEAR,Europe,,,2003,,,,,DATASOURCE,DATASOURCE_SA_0000001476_ISL,3.2,3.2,,,,2018-10-25T13:07:11+02:00,2003,2003-01-01T00:00:00+01:00,2003-12-31T00:00:00+01:00
4548472,SA_0000001476,COUNTRY,ALB,EUR,YEAR,Europe,,,2007,,,,,DATASOURCE,DATASOURCE_SA_0000001476_ALB,2.1,2.1,,,,2018-10-25T13:07:05+02:00,2007,2007-01-01T00:00:00+01:00,2007-12-31T00:00:00+01:00
4519725,SA_0000001476,COUNTRY,ARM,EUR,YEAR,Europe,,,1992,,,,,DATASOURCE,DATASOURCE_SA_0000001476_ARM,2.8,2.8,,,,2018-10-25T13:07:10+02:00,1992,1992-01-01T00:00:00+01:00,1992-12-31T00:00:00+01:00
4539154,SA_0000001476,COUNTRY,EST,EUR,YEAR,Europe,,,2006,,,,,DATASOURCE,DATASOURCE_SA_0000001476_EST,1.9,1.9,,,,2018-10-25T13:07:05+02:00,2006,2006-01-01T00:00:00+01:00,2006-12-31T00:00:00+01:00
4548485,SA_0000001476,COUNTRY,UKR,EUR,YEAR,Europe,,,2009,,,,,DATASOURCE,DATASOURCE_SA_0000001476_UKR,1.6,1.6,,,,2018-10-25T13:07:09+02:00,2009,2009-01-01T00:00:00+01:00,2009-12-31T00:00:00+01:00
4539080,SA_0000001476,COUNTRY,NOR,EUR,YEAR,Europe,,,2012,,,,,DATASOURCE,DATASOURCE_SA_0000001476_NOR,2.2,2.2,,,,2018-10-25T13:07:05+02:00,2012,2012-01-01T00:00:00+01:00,2012-12-31T00:00:00+01:00
4539173,SA_0000001476,COUNTRY,CZE,EUR,YEAR,Europe,,,2016,,,,,DATASOURCE,DATASOURCE_SA_0000001476_CZE,1.5,1.5,,,,2018-10-25T13:07:01+02:00,2016,2016-01-01T00:00:00+01:00,2016-12-31T00:00:00+01:00
4529204,SA_0000001476,COUNTRY,CAN,AMR,YEAR,Americas,,,2005,,,,,DATASOURCE,DATASOURCE_SA_0000001476_CAN,2,2.0,,,,2018-10-25T13:07:07+02:00,2005,2005-01-01T00:00:00+01:00,2005-12-31T00:00:00+01:00
4529123,SA_0000001476,COUNTRY,DNK,EUR,YEAR,Europe,,,1998,,,,,DATASOURCE,DATASOURCE_SA_0000001476_DNK,2.3,2.3,,,,2018-10-25T13:07:09+02:00,1998,1998-01-01T00:00:00+01:00,1998-12-31T00:00:00+01:00
4539520,SA_0000001476,COUNTRY,KAZ,EUR,YEAR,Europe,,,1993,,,,,DATASOURCE,DATASOURCE_SA_0000001476_KAZ,5,5.0,,,,2018-10-25T13:07:09+02:00,1993,1993-01-01T00:00:00+01:00,1993-12-31T00:00:00+01:00
4529136,SA_0000001476,COUNTRY,NOR,EUR,YEAR,Europe,,,1999,,,,,DATASOURCE,DATASOURCE_SA_0000001476_NOR,3.9,3.9,,,,2018-10-25T13:07:07+02:00,1999,1999-01-01T00:00:00+01:00,1999-12-31T00:00:00+01:00
4519705,SA_0000001476,COUNTRY,MDA,EUR,YEAR,Europe,,,1991,,,,,DATASOURCE,DATASOURCE_SA_0000001476_MDA,2.5,2.5,,,,2018-10-25T13:07:06+02:00,1991,1991-01-01T00:00:00+01:00,1991-12-31T00:00:00+01:00
4529073,SA_0000001476,COUNTRY,TKM,EUR,YEAR,Europe,,,1992,,,,,DATASOURCE,DATASOURCE_SA_0000001476_TKM,3.2,3.2,,,,2018-10-25T13:07:09+02:00,1992,1992-01-01T00:00:00+01:00,1992-12-31T00:00:00+01:00
4519709,SA_0000001476,COUNTRY,ISL,EUR,YEAR,Europe,,,1993,,,,,DATASOURCE,DATASOURCE_SA_0000001476_ISL,3.1,3.1,,,,2018-10-25T13:07:09+02:00,1993,1993-01-01T00:00:00+01:00,1993-12-31T00:00:00+01:00
4529261,SA_0000001476,COUNTRY,DNK,EUR,YEAR,Europe,,,2009,,,,,DATASOURCE,DATASOURCE_SA_0000001476_DNK,1.7,1.7,,,,2018-10-25T13:07:09+02:00,2009,2009-01-01T00:00:00+01:00,2009-12-31T00:00:00+01:00
4529072,SA_0000001476,COUNTRY,TJK,EUR,YEAR,Europe,,,1992,,,,,DATASOURCE,DATASOURCE_SA_0000001476_TJK,2,2.0,,,,2018-10-25T13:07:05+02:00,1992,1992-01-01T00:00:00+01:00,1992-12-31T00:00:00+01:00
4529159,SA_0000001476,COUNTRY,GRC,EUR,YEAR,Europe,,,2002,,,,,DATASOURCE,DATASOURCE_SA_0000001476_GRC,0.9,0.9,,,,2018-10-25T13:07:07+02:00,2002,2002-01-01T00:00:00+01:00,2002-12-31T00:00:00+01:00
4539552,SA_0000001476,COUNTRY,AUT,EUR,YEAR,Europe,,,1996,,,,,DATASOURCE,DATASOURCE_SA_0000001476_AUT,1.6,1.6,,,,2018-10-25T13:07:07+02:00,1996,1996-01-01T00:00:00+01:00,1996-12-31T00:00:00+01:00
4539182,SA_0000001476,COUNTRY,CAN,AMR,YEAR,Americas,,,2008,,,,,DATASOURCE,DATASOURCE_SA_0000001476_CAN,2,2.0,,,,2018-10-25T13:07:03+02:00,2008,2008-01-01T00:00:00+01:00,2008-12-31T00:00:00+01:00
4539121,SA_0000001476,COUNTRY,ITA,EUR,YEAR,Europe,,,2002,,,,,DATASOURCE,DATASOURCE_SA_0000001476_ITA,0.8,0.8,,,,2018-10-25T13:07:03+02:00,2002,2002-01-01T00:00:00+01:00,2002-12-31T00:00:00+01:00
4519728,SA_0000001476,COUNTRY,KGZ,EUR,YEAR,Europe,,,1992,,,,,DATASOURCE,DATASOURCE_SA_0000001476_KGZ,3.4,3.4,,,,2018-10-25T13:07:07+02:00,1992,1992-01-01T00:00:00+01:00,1992-12-31T00:00:00+01:00
4529098,SA_0000001476,COUNTRY,SWE,EUR,YEAR,Europe,,,1997,,,,,DATASOURCE,DATASOURCE_SA_0000001476_SWE,3.2,3.2,,,,2018-10-25T13:07:09+02:00,1997,1997-01-01T00:00:00+01:00,1997-12-31T00:00:00+01:00
4529195,SA_0000001476,COUNTRY,AUT,EUR,YEAR,Europe,,,2003,,,,,DATASOURCE,DATASOURCE_SA_0000001476_AUT,1.4,1.4,,,,2018-10-25T13:07:04+02:00,2003,2003-01-01T00:00:00+01:00,2003-12-31T00:00:00+01:00
4539098,SA_0000001476,COUNTRY,ALB,EUR,YEAR,Europe,,,2014,,,,,DATASOURCE,DATASOURCE_SA_0000001476_ALB,1.6,1.6,,,,2018-10-25T13:07:10+02:00,2014,2014-01-01T00:00:00+01:00,2014-12-31T00:00:00+01:00
4529287,SA_0000001476,COUNTRY,FIN,EUR,YEAR,Europe,,,2012,,,,,DATASOURCE,DATASOURCE_SA_0000001476_FIN,4.4,4.4,,,,2018-10-25T13:07:11+02:00,2012,2012-01-01T00:00:00+01:00,2012-12-31T00:00:00+01:00
4539093,SA_0000001476,COUNTRY,ITA,EUR,YEAR,Europe,,,2014,,,,,DATASOURCE,DATASOURCE_SA_0000001476_ITA,1.4,1.4,,,,2018-10-25T13:07:08+02:00,2014,2014-01-01T00:00:00+01:00,2014-12-31T00:00:00+01:00
4529282,SA_0000001476,COUNTRY,ROU,EUR,YEAR,Europe,,,2011,,,,,DATASOURCE,DATASOURCE_SA_0000001476_ROU,4,4.0,,,,2018-10-25T13:07:04+02:00,2011,2011-01-01T00:00:00+01:00,2011-12-31T00:00:00+01:00
4539577,SA_0000001476,COUNTRY,GBR,EUR,YEAR,Europe,,,2005,,,,,DATASOURCE,DATASOURCE_SA_0000001476_GBR,5.4,5.4,,,,2018-10-25T13:07:01+02:00,2005,2005-01-01T00:00:00+01:00,2005-12-31T00:00:00+01:00
4539192,SA_0000001476,COUNTRY,AUS,WPR,YEAR,Western Pacific,,,2010,,,,,DATASOURCE,DATASOURCE_SA_0000001476_AUS,2.6,2.6,,,,2018-10-25T13:07:04+02:00,2010,2010-01-01T00:00:00+01:00,2010-12-31T00:00:00+01:00
4548514,SA_0000001476,COUNTRY,CZE,EUR,YEAR,Europe,,,2014,,,,,DATASOURCE,DATASOURCE_SA_0000001476_CZE,1.2,1.2,,,,2018-10-25T13:07:04+02:00,2014,2014-01-01T00:00:00+01:00,2014-12-31T00:00:00+01:00
4539528,SA_0000001476,COUNTRY,AUT,EUR,YEAR,Europe,,,2016,,,,,DATASOURCE,DATASOURCE_SA_0000001476_AUT,1.3,1.3,,,,2018-10-25T13:07:01+02:00,2016,2016-01-01T00:00:00+01:00,2016-12-31T00:00:00+01:00
4548487,SA_0000001476,COUNTRY,AUT,EUR,YEAR,Europe,,,2010,,,,,DATASOURCE,DATASOURCE_SA_0000001476_AUT,1.4,1.4,,,,2018-10-25T13:07:08+02:00,2010,2010-01-01T00:00:00+01:00,2010-12-31T00:00:00+01:00
4539191,SA_0000001476,COUNTRY,ARM,EUR,YEAR,Europe,,,2010,,,,,DATASOURCE,DATASOURCE_SA_0000001476_ARM,1.8,1.8,,,,2018-10-25T13:07:03+02:00,2010,2010-01-01T00:00:00+01:00,2010-12-31T00:00:00+01:00
4529138,SA_0000001476,COUNTRY,CAN,AMR,YEAR,Americas,,,2000,,,,,DATASOURCE,DATASOURCE_SA_0000001476_CAN,2.1,2.1,,,,2018-10-25T13:07:09+02:00,2000,2000-01-01T00:00:00+01:00,2000-12-31T00:00:00+01:00
4548500,SA_0000001476,COUNTRY,LBN,EMR,YEAR,Eastern Mediterranean,,,2012,,,,,DATASOURCE,DATASOURCE_SA_0000001476_LBN,0.2,0.2,,,,2018-10-25T13:07:03+02:00,2012,2012-01-01T00:00:00+01:00,2012-12-31T00:00:00+01:00
4529253,SA_0000001476,COUNTRY,AZE,EUR,YEAR,Europe,,,2009,,,,,DATASOURCE,DATASOURCE_SA_0000001476_AZE,0.6,0.6,,,,2018-10-25T13:07:06+02:00,2009,2009-01-01T00:00:00+01:00,2009-12-31T00:00:00+01:00
4529254,SA_0000001476,COUNTRY,BLR,EUR,YEAR,Europe,,,2009,,,,,DATASOURCE,DATASOURCE_SA_0000001476_BLR,2.2,2.2,,,,2018-10-25T13:07:03+02:00,2009,2009-01-01T00:00:00+01:00,2009-12-31T00:00:00+01:00
4529132,SA_0000001476,COUNTRY,ITA,EUR,YEAR,Europe,,,1999,,,,,DATASOURCE,DATASOURCE_SA_0000001476_ITA,0.8,0.8,,,,2018-10-25T13:07:08+02:00,1999,1999-01-01T00:00:00+01:00,1999-12-31T00:00:00+01:00
4519714,SA_0000001476,COUNTRY,GEO,EUR,YEAR,Europe,,,1990,,,,,DATASOURCE,DATASOURCE_SA_0000001476_GEO,1.3,1.3,,,,2018-10-25T13:07:03+02:00,1990,1990-01-01T00:00:00+01:00,1990-12-31T00:00:00+01:00
4529243,SA_0000001476,COUNTRY,ISL,EUR,YEAR,Europe,,,2007,,,,,DATASOURCE,DATASOURCE_SA_0000001476_ISL,2.9,2.9,,,,2018-10-25T13:07:01+02:00,2007,2007-01-01T00:00:00+01:00,2007-12-31T00:00:00+01:00
4529156,SA_0000001476,COUNTRY,USA,AMR,YEAR,Americas,,,2001,,,,,DATASOURCE,DATASOURCE_SA_0000001476_USA,0.9,0.9,,,,2018-10-25T13:07:02+02:00,2001,2001-01-01T00:00:00+01:00,2001-12-31T00:00:00+01:00
4539115,SA_0000001476,COUNTRY,GBR,EUR,YEAR,Europe,,,2000,,,,,DATASOURCE,DATASOURCE_SA_0000001476_GBR,5.8,5.8,,,,2018-10-25T13:07:02+02:00,2000,2000-01-01T00:00:00+01:00,2000-12-31T00:00:00+01:00
4548520,SA_0000001476,COUNTRY,CZE,EUR,YEAR,Europe,,,2015,,,,,DATASOURCE,DATASOURCE_SA_0000001476_CZE,1.2,1.2,,,,2018-10-25T13:07:11+02:00,2015,2015-01-01T00:00:00+01:00,2015-12-31T00:00:00+01:00
4519647,SA_0000001476,COUNTRY,CAN,AMR,YEAR,Americas,,,1991,,,,,DATASOURCE,DATASOURCE_SA_0000001476_CAN,2.2,2.2,,,,2018-10-25T13:07:09+02:00,1991,1991-01-01T00:00:00+01:00,1991-12-31T00:00:00+01:00
4539502,SA_0000001476,COUNTRY,KGZ,EUR,YEAR,Europe,,,1990,,,,,DATASOURCE,DATASOURCE_SA_0000001476_KGZ,3.9,3.9,,,,2018-10-25T13:07:11+02:00,1990,1990-01-01T00:00:00+01:00,1990-12-31T00:00:00+01:00
4519723,SA_0000001476,COUNTRY,RUS,EUR,YEAR,Europe,,,1991,,,,,DATASOURCE,DATASOURCE_SA_0000001476_RUS,4.2,4.2,,,,2018-10-25T13:07:09+02:00,1991,1991-01-01T00:00:00+01:00,1991-12-31T00:00:00+01:00
4529135,SA_0000001476,COUNTRY,JPN,WPR,YEAR,Western Pacific,,,1999,,,,,DATASOURCE,DATASOURCE_SA_0000001476_JPN,1.2,1.2,,,,2018-10-25T13:07:03+02:00,1999,1999-01-01T00:00:00+01:00,1999-12-31T00:00:00+01:00
4529271,SA_0000001476,COUNTRY,MEX,AMR,YEAR,Americas,,,2010,,,,,DATASOURCE,DATASOURCE_SA_0000001476_MEX,1.9,1.9,,,,2018-10-25T13:07:05+02:00,2010,2010-01-01T00:00:00+01:00,2010-12-31T00:00:00+01:00
4539099,SA_0000001476,COUNTRY,HRV,EUR,YEAR,Europe,,,2014,,,,,DATASOURCE,DATASOURCE_SA_0000001476_HRV,1.3,1.3,,,,2018-10-25T13:07:06+02:00,2014,2014-01-01T00:00:00+01:00,2014-12-31T00:00:00+01:00
4529225,SA_0000001476,COUNTRY,SVN,EUR,YEAR,Europe,,,2007,,,,,DATASOURCE,DATASOURCE_SA_0000001476_SVN,1,1.0,,,,2018-10-25T13:07:01+02:00,2007,2007-01-01T00:00:00+01:00,2007-12-31T00:00:00+01:00
4529288,SA_0000001476,COUNTRY,HUN,EUR,YEAR,Europe,,,2012,,,,,DATASOURCE,DATASOURCE_SA_0000001476_HUN,3.1,3.1,,,,2018-10-25T13:07:04+02:00,2012,2012-01-01T00:00:00+01:00,2012-12-31T00:00:00+01:00
4539209,SA_0000001476,COUNTRY,SVN,EUR,YEAR,Europe,,,2010,,,,,DATASOURCE,DATASOURCE_SA_0000001476_SVN,1,1.0,,,,2018-10-25T13:07:06+02:00,2010,2010-01-01T00:00:00+01:00,2010-12-31T00:00:00+01:00
4529264,SA_0000001476,COUNTRY,SVN,EUR,YEAR,Europe,,,2009,,,,,DATASOURCE,DATASOURCE_SA_0000001476_SVN,1,1.0,,,,2018-10-25T13:07:01+02:00,2009,2009-01-01T00:00:00+01:00,2009-12-31T00:00:00+01:00
4529273,SA_0000001476,COUNTRY,CAN,AMR,YEAR,Americas,,,2011,,,,,DATASOURCE,DATASOURCE_SA_0000001476_CAN,2,2.0,,,,2018-10-25T13:07:07+02:00,2011,2011-01-01T00:00:00+01:00,2011-12-31T00:00:00+01:00
4529199,SA_0000001476,COUNTRY,NOR,EUR,YEAR,Europe,,,2003,,,,,DATASOURCE,DATASOURCE_SA_0000001476_NOR,3.2,3.2,,,,2018-10-25T13:07:05+02:00,2003,2003-01-01T00:00:00+01:00,2003-12-31T00:00:00+01:00
4539076,SA_0000001476,COUNTRY,ARM,EUR,YEAR,Europe,,,2012,,,,,DATASOURCE,DATASOURCE_SA_0000001476_ARM,1.5,1.5,,,,2018-10-25T13:07:06+02:00,2012,2012-01-01T00:00:00+01:00,2012-12-31T00:00:00+01:00
4519641,SA_0000001476,COUNTRY,ITA,EUR,YEAR,Europe,,,1990,,,,,DATASOURCE,DATASOURCE_SA_0000001476_ITA,1.1,1.1,,,,2018-10-25T13:07:00+02:00,1990,1990-01-01T00:00:00+01:00,1990-12-31T00:00:00+01:00
4529224,SA_0000001476,COUNTRY,RUS,EUR,YEAR,Europe,,,2007,,,,,DATASOURCE,DATASOURCE_SA_0000001476_RUS,1.7,1.7,,,,2018-10-25T13:07:05+02:00,2007,2007-01-01T00:00:00+01:00,2007-12-31T00:00:00+01:00
4539091,SA_0000001476,COUNTRY,AUT,EUR,YEAR,Europe,,,2014,,,,,DATASOURCE,DATASOURCE_SA_0000001476_AUT,1.4,1.4,,,,2018-10-25T13:07:11+02:00,2014,2014-01-01T00:00:00+01:00,2014-12-31T00:00:00+01:00
4529242,SA_0000001476,COUNTRY,HRV,EUR,YEAR,Europe,,,2007,,,,,DATASOURCE,DATASOURCE_SA_0000001476_HRV,1.6,1.6,,,,2018-10-25T13:07:05+02:00,2007,2007-01-01T00:00:00+01:00,2007-12-31T00:00:00+01:00
4529080,SA_0000001476,COUNTRY,MDA,EUR,YEAR,Europe,,,1994,,,,,DATASOURCE,DATASOURCE_SA_0000001476_MDA,2,2.0,,,,2018-10-25T13:07:09+02:00,1994,1994-01-01T00:00:00+01:00,1994-12-31T00:00:00+01:00
4519711,SA_0000001476,COUNTRY,KGZ,EUR,YEAR,Europe,,,1993,,,,,DATASOURCE,DATASOURCE_SA_0000001476_KGZ,2.8,2.8,,,,2018-10-25T13:07:00+02:00,1993,1993-01-01T00:00:00+01:00,1993-12-31T00:00:00+01:00
4529270,SA_0000001476,COUNTRY,ITA,EUR,YEAR,Europe,,,2010,,,,,DATASOURCE,DATASOURCE_SA_0000001476_ITA,0.7,0.7,,,,2018-10-25T13:07:05+02:00,2010,2010-01-01T00:00:00+01:00,2010-12-31T00:00:00+01:00
4539111,SA_0000001476,COUNTRY,ROU,EUR,YEAR,Europe,,,1999,,,,,DATASOURCE,DATASOURCE_SA_0000001476_ROU,4.2,4.2,,,,2018-10-25T13:07:01+02:00,1999,1999-01-01T00:00:00+01:00,1999-12-31T00:00:00+01:00
4529178,SA_0000001476,COUNTRY,ITA,EUR,YEAR,Europe,,,2006,,,,,DATASOURCE,DATASOURCE_SA_0000001476_ITA,0.8,0.8,,,,2018-10-25T13:07:06+02:00,2006,2006-01-01T00:00:00+01:00,2006-12-31T00:00:00+01:00
4548493,SA_0000001476,COUNTRY,DNK,EUR,YEAR,Europe,,,2011,,,,,DATASOURCE,DATASOURCE_SA_0000001476_DNK,1.6,1.6,,,,2018-10-25T13:07:00+02:00,2011,2011-01-01T00:00:00+01:00,2011-12-31T00:00:00+01:00
4539190,SA_0000001476,COUNTRY,USA,AMR,YEAR,Americas,,,2009,,,,,DATASOURCE,DATASOURCE_SA_0000001476_USA,0.9,0.9,,,,2018-10-25T13:07:11+02:00,2009,2009-01-01T00:00:00+01:00,2009-12-31T00:00:00+01:00
4539489,SA_0000001476,COUNTRY,THA,SEAR,YEAR,South-East Asia,,,2013,,,,,DATASOURCE,DATASOURCE_SA_0000001476_THA,1.1,1.1,,,,2018-10-25T13:07:11+02:00,2013,2013-01-01T00:00:00+01:00,2013-12-31T00:00:00+01:00
4548527,SA_0000001476,COUNTRY,UKR,EUR,YEAR,Europe,,,2015,,,,,DATASOURCE,DATASOURCE_SA_0000001476_UKR,1.3,1.3,,,,2018-10-25T13:07:04+02:00,2015,2015-01-01T00:00:00+01:00,2015-12-31T00:00:00+01:00
4519652,SA_0000001476,COUNTRY,FIN,EUR,YEAR,Europe,,,1992,,,,,DATASOURCE,DATASOURCE_SA_0000001476_FIN,6.9,6.9,,,,2018-10-25T13:07:09+02:00,1992,1992-01-01T00:00:00+01:00,1992-12-31T00:00:00+01:00
4529124,SA_0000001476,COUNTRY,JPN,WPR,YEAR,Western Pacific,,,1998,,,,,DATASOURCE,DATASOURCE_SA_0000001476_JPN,1.1,1.1,,,,2018-10-25T13:07:05+02:00,1998,1998-01-01T00:00:00+01:00,1998-12-31T00:00:00+01:00
4539077,SA_0000001476,COUNTRY,CZE,EUR,YEAR,Europe,,,2012,,,,,DATASOURCE,DATASOURCE_SA_0000001476_CZE,1.1,1.1,,,,2018-10-25T13:07:02+02:00,2012,2012-01-01T00:00:00+01:00,2012-12-31T00:00:00+01:00
4519695,SA_0000001476,COUNTRY,UZB,EUR,YEAR,Europe,,,1990,,,,,DATASOURCE,DATASOURCE_SA_0000001476_UZB,2.9,2.9,,,,2018-10-25T13:07:01+02:00,1990,1990-01-01T00:00:00+01:00,1990-12-31T00:00:00+01:00
4529251,SA_0000001476,COUNTRY,NOR,EUR,YEAR,Europe,,,2008,,,,,DATASOURCE,DATASOURCE_SA_0000001476_NOR,2.7,2.7,,,,2018-10-25T13:07:02+02:00,2008,2008-01-01T00:00:00+01:00,2008-12-31T00:00:00+01:00
4529077,SA_0000001476,COUNTRY,SYC,AFR,YEAR,Africa,,,1993,,,,,DATASOURCE,DATASOURCE_SA_0000001476_SYC,22,22.0,,,,2018-10-25T13:07:06+02:00,1993,1993-01-01T00:00:00+01:00,1993-12-31T00:00:00+01:00
4529161,SA_0000001476,COUNTRY,CAN,AMR,YEAR,Americas,,,2003,,,,,DATASOURCE,DATASOURCE_SA_0000001476_CAN,2.1,2.1,,,,2018-10-25T13:07:07+02:00,2003,2003-01-01T00:00:00+01:00,2003-12-31T00:00:00+01:00
4519683,SA_0000001476,COUNTRY,GBR,EUR,YEAR,Europe,,,1992,,,,,DATASOURCE,DATASOURCE_SA_0000001476_GBR,6.3,6.3,,,,2018-10-25T13:07:10+02:00,1992,1992-01-01T00:00:00+01:00,1992-12-31T00:00:00+01:00
4548473,SA_0000001476,COUNTRY,AUT,EUR,YEAR,Europe,,,2007,,,,,DATASOURCE,DATASOURCE_SA_0000001476_AUT,1.3,1.3,,,,2018-10-25T13:07:06+02:00,2007,2007-01-01T00:00:00+01:00,2007-12-31T00:00:00+01:00
4548497,SA_0000001476,COUNTRY,AZE,EUR,YEAR,Europe,,,2012,,,,,DATASOURCE,DATASOURCE_SA_0000001476_AZE,0.5,0.5,,,,2018-10-25T13:07:03+02:00,2012,2012-01-01T00:00:00+01:00,2012-12-31T00:00:00+01:00
4529244,SA_0000001476,COUNTRY,ITA,EUR,YEAR,Europe,,,2007,,,,,DATASOURCE,DATASOURCE_SA_0000001476_ITA,0.7,0.7,,,,2018-10-25T13:07:00+02:00,2007,2007-01-01T00:00:00+01:00,2007-12-31T00:00:00+01:00
4529133,SA_0000001476,COUNTRY,SWE,EUR,YEAR,Europe,,,1999,,,,,DATASOURCE,DATASOURCE_SA_0000001476_SWE,3.4,3.4,,,,2018-10-25T13:07:10+02:00,1999,1999-01-01T00:00:00+01:00,1999-12-31T00:00:00+01:00
4539210,SA_0000001476,COUNTRY,SWE,EUR,YEAR,Europe,,,2010,,,,,DATASOURCE,DATASOURCE_SA_0000001476_SWE,1.9,1.9,,,,2018-10-25T13:07:01+02:00,2010,2010-01-01T00:00:00+01:00,2010-12-31T00:00:00+01:00
4539081,SA_0000001476,COUNTRY,RUS,EUR,YEAR,Europe,,,2012,,,,,DATASOURCE,DATASOURCE_SA_0000001476_RUS,1.7,1.7,,,,2018-10-25T13:07:01+02:00,2012,2012-01-01T00:00:00+01:00,2012-12-31T00:00:00+01:00
4539124,SA_0000001476,COUNTRY,GRC,EUR,YEAR,Europe,,,2003,,,,,DATASOURCE,DATASOURCE_SA_0000001476_GRC,1,1.0,,,,2018-10-25T13:07:11+02:00,2003,2003-01-01T00:00:00+01:00,2003-12-31T00:00:00+01:00
4529258,SA_0000001476,COUNTRY,SWE,EUR,YEAR,Europe,,,2009,,,,,DATASOURCE,DATASOURCE_SA_0000001476_SWE,2.9,2.9,,,,2018-10-25T13:07:06+02:00,2009,2009-01-01T00:00:00+01:00,2009-12-31T00:00:00+01:00
4529177,SA_0000001476,COUNTRY,ISL,EUR,YEAR,Europe,,,2006,,,,,DATASOURCE,DATASOURCE_SA_0000001476_ISL,2.8,2.8,,,,2018-10-25T13:07:05+02:00,2006,2006-01-01T00:00:00+01:00,2006-12-31T00:00:00+01:00
4539578,SA_0000001476,COUNTRY,HRV,EUR,YEAR,Europe,,,2005,,,,,DATASOURCE,DATASOURCE_SA_0000001476_HRV,1.6,1.6,,,,2018-10-25T13:07:05+02:00,2005,2005-01-01T00:00:00+01:00,2005-12-31T00:00:00+01:00
4529212,SA_0000001476,COUNTRY,ARM,EUR,YEAR,Europe,,,2007,,,,,DATASOURCE,DATASOURCE_SA_0000001476_ARM,1.7,1.7,,,,2018-10-25T13:07:09+02:00,2007,2007-01-01T00:00:00+01:00,2007-12-31T00:00:00+01:00
4529149,SA_0000001476,COUNTRY,SWE,EUR,YEAR,Europe,,,2000,,,,,DATASOURCE,DATASOURCE_SA_0000001476_SWE,3.3,3.3,,,,2018-10-25T13:07:08+02:00,2000,2000-01-01T00:00:00+01:00,2000-12-31T00:00:00+01:00
4529246,SA_0000001476,COUNTRY,BLR,EUR,YEAR,Europe,,,2008,,,,,DATASOURCE,DATASOURCE_SA_0000001476_BLR,2.3,2.3,,,,2018-10-25T13:07:04+02:00,2008,2008-01-01T00:00:00+01:00,2008-12-31T00:00:00+01:00
4529131,SA_0000001476,COUNTRY,EST,EUR,YEAR,Europe,,,1999,,,,,DATASOURCE,DATASOURCE_SA_0000001476_EST,2,2.0,,,,2018-10-25T13:07:05+02:00,1999,1999-01-01T00:00:00+01:00,1999-12-31T00:00:00+01:00
4539089,SA_0000001476,COUNTRY,TJK,EUR,YEAR,Europe,,,2012,,,,,DATASOURCE,DATASOURCE_SA_0000001476_TJK,0.1,0.1,,,,2018-10-25T13:07:06+02:00,2012,2012-01-01T00:00:00+01:00,2012-12-31T00:00:00+01:00
4539094,SA_0000001476,COUNTRY,TJK,EUR,YEAR,Europe,,,2014,,,,,DATASOURCE,DATASOURCE_SA_0000001476_TJK,0.1,0.1,,,,2018-10-25T13:07:10+02:00,2014,2014-01-01T00:00:00+01:00,2014-12-31T00:00:00+01:00
4539147,SA_0000001476,COUNTRY,JPN,WPR,YEAR,Western Pacific,,,2005,,,,,DATASOURCE,DATASOURCE_SA_0000001476_JPN,1.1,1.1,,,,2018-10-25T13:07:09+02:00,2005,2005-01-01T00:00:00+01:00,2005-12-31T00:00:00+01:00
4548521,SA_0000001476,COUNTRY,FIN,EUR,YEAR,Europe,,,2015,,,,,DATASOURCE,DATASOURCE_SA_0000001476_FIN,4.1,4.1,,,,2018-10-25T13:07:01+02:00,2015,2015-01-01T00:00:00+01:00,2015-12-31T00:00:00+01:00
4519685,SA_0000001476,COUNTRY,JPN,WPR,YEAR,Western Pacific,,,1992,,,,,DATASOURCE,DATASOURCE_SA_0000001476_JPN,1.2,1.2,,,,2018-10-25T13:07:08+02:00,1992,1992-01-01T00:00:00+01:00,1992-12-31T00:00:00+01:00
4539075,SA_0000001476,COUNTRY,SWE,EUR,YEAR,Europe,,,2011,,,,,DATASOURCE,DATASOURCE_SA_0000001476_SWE,1.9,1.9,,,,2018-10-25T13:07:05+02:00,2011,2011-01-01T00:00:00+01:00,2011-12-31T00:00:00+01:00
4529252,SA_0000001476,COUNTRY,AUT,EUR,YEAR,Europe,,,2009,,,,,DATASOURCE,DATASOURCE_SA_0000001476_AUT,1.4,1.4,,,,2018-10-25T13:07:10+02:00,2009,2009-01-01T00:00:00+01:00,2009-12-31T00:00:00+01:00
4529121,SA_0000001476,COUNTRY,JPN,WPR,YEAR,Western Pacific,,,1997,,,,,DATASOURCE,DATASOURCE_SA_0000001476_JPN,1.2,1.2,,,,2018-10-25T13:07:11+02:00,1997,1997-01-01T00:00:00+01:00,1997-12-31T00:00:00+01:00
4539575,SA_0000001476,COUNTRY,ARM,EUR,YEAR,Europe,,,2005,,,,,DATASOURCE,DATASOURCE_SA_0000001476_ARM,1.6,1.6,,,,2018-10-25T13:07:02+02:00,2005,2005-01-01T00:00:00+01:00,2005-12-31T00:00:00+01:00
4519727,SA_0000001476,COUNTRY,KAZ,EUR,YEAR,Europe,,,1992,,,,,DATASOURCE,DATASOURCE_SA_0000001476_KAZ,5.4,5.4,,,,2018-10-25T13:07:02+02:00,1992,1992-01-01T00:00:00+01:00,1992-12-31T00:00:00+01:00
4519694,SA_0000001476,COUNTRY,UKR,EUR,YEAR,Europe,,,1990,,,,,DATASOURCE,DATASOURCE_SA_0000001476_TKM,3.7,3.7,,,,2018-10-25T13:07:02+02:00,1990,1990-01-01T00:00:00+01:00,1990-12-31T00:00:00+01:00
4539112,SA_0000001476,COUNTRY,AUT,EUR,YEAR,Europe,,,2000,,,,,DATASOURCE,DATASOURCE_SA_0000001476_AUT,1.4,1.4,,,,2018-10-25T13:07:03+02:00,2000,2000-01-01T00:00:00+01:00,2000-12-31T00:00:00+01:00
4539183,SA_0000001476,COUNTRY,ROU,EUR,YEAR,Europe,,,2008,,,,,DATASOURCE,DATASOURCE_SA_0000001476_ROU,4,4.0,,,,2018-10-25T13:07:11+02:00,2008,2008-01-01T00:00:00+01:00,2008-12-31T00:00:00+01:00
4529193,SA_0000001476,COUNTRY,FIN,EUR,YEAR,Europe,,,2002,,,,,DATASOURCE,DATASOURCE_SA_0000001476_FIN,5.5,5.5,,,,2018-10-25T13:07:09+02:00,2002,2002-01-01T00:00:00+01:00,2002-12-31T00:00:00+01:00
4539558,SA_0000001476,COUNTRY,DNK,EUR,YEAR,Europe,,,1999,,,,,DATASOURCE,DATASOURCE_SA_0000001476_DNK,2.3,2.3,,,,2018-10-25T13:07:11+02:00,1999,1999-01-01T00:00:00+01:00,1999-12-31T00:00:00+01:00
4529170,SA_0000001476,COUNTRY,AUS,WPR,YEAR,Western Pacific,,,2004,,,,,DATASOURCE,DATASOURCE_SA_0000001476_AUS,2.6,2.6,,,,2018-10-25T13:07:03+02:00,2004,2004-01-01T00:00:00+01:00,2004-12-31T00:00:00+01:00
4539086,SA_0000001476,COUNTRY,ROU,EUR,YEAR,Europe,,,2012,,,,,DATASOURCE,DATASOURCE_SA_0000001476_ROU,4,4.0,,,,2018-10-25T13:07:03+02:00,2012,2012-01-01T00:00:00+01:00,2012-12-31T00:00:00+01:00
4539108,SA_0000001476,COUNTRY,USA,AMR,YEAR,Americas,,,1998,,,,,DATASOURCE,DATASOURCE_SA_0000001476_USA,0.9,0.9,,,,2018-10-25T13:07:11+02:00,1998,1998-01-01T00:00:00+01:00,1998-12-31T00:00:00+01:00
4548516,SA_0000001476,COUNTRY,MKD,EUR,YEAR,Europe,,,2014,,,,,DATASOURCE,DATASOURCE_SA_0000001476_MKD,1,1.0,,,,2018-10-25T13:07:10+02:00,2014,2014-01-01T00:00:00+01:00,2014-12-31T00:00:00+01:00
4529095,SA_0000001476,COUNTRY,ITA,EUR,YEAR,Europe,,,1996,,,,,DATASOURCE,DATASOURCE_SA_0000001476_ITA,0.9,0.9,,,,2018-10-25T13:07:02+02:00,1996,1996-01-01T00:00:00+01:00,1996-12-31T00:00:00+01:00
4519651,SA_0000001476,COUNTRY,UKR,EUR,YEAR,Europe,,,1991,,,,,DATASOURCE,DATASOURCE_SA_0000001476_TKM,2.8,2.8,,,,2018-10-25T13:07:08+02:00,1991,1991-01-01T00:00:00+01:00,1991-12-31T00:00:00+01:00
4539510,SA_0000001476,COUNTRY,NOR,EUR,YEAR,Europe,,,1991,,,,,DATASOURCE,DATASOURCE_SA_0000001476_NOR,4.6,4.6,,,,2018-10-25T13:07:08+02:00,1991,1991-01-01T00:00:00+01:00,1991-12-31T00:00:00+01:00
4548486,SA_0000001476,COUNTRY,ZAF,AFR,YEAR,Africa,,,2009,,,,,DATASOURCE,DATASOURCE_SA_0000001476_ZAF,0.4,0.4,,,,2018-10-25T13:07:10+02:00,2009,2009-01-01T00:00:00+01:00,2009-12-31T00:00:00+01:00
4539082,SA_0000001476,COUNTRY,AUT,EUR,YEAR,Europe,,,2013,,,,,DATASOURCE,DATASOURCE_SA_0000001476_AUT,1.4,1.4,,,,2018-10-25T13:07:01+02:00,2013,2013-01-01T00:00:00+01:00,2013-12-31T00:00:00+01:00
4548476,SA_0000001476,COUNTRY,TJK,EUR,YEAR,Europe,,,2007,,,,,DATASOURCE,DATASOURCE_SA_0000001476_TJK,0.2,0.2,,,,2018-10-25T13:07:02+02:00,2007,2007-01-01T00:00:00+01:00,2007-12-31T00:00:00+01:00
4519650,SA_0000001476,COUNTRY,ISL,EUR,YEAR,Europe,,,1991,,,,,DATASOURCE,DATASOURCE_SA_0000001476_ISL,3.2,3.2,,,,2018-10-25T13:07:09+02:00,1991,1991-01-01T00:00:00+01:00,1991-12-31T00:00:00+01:00
4539561,SA_0000001476,COUNTRY,NOR,EUR,YEAR,Europe,,,2000,,,,,DATASOURCE,DATASOURCE_SA_0000001476_NOR,3.9,3.9,,,,2018-10-25T13:07:11+02:00,2000,2000-01-01T00:00:00+01:00,2000-12-31T00:00:00+01:00
4539110,SA_0000001476,COUNTRY,GBR,EUR,YEAR,Europe,,,1999,,,,,DATASOURCE,DATASOURCE_SA_0000001476_GBR,5.9,5.9,,,,2018-10-25T13:07:02+02:00,1999,1999-01-01T00:00:00+01:00,1999-12-31T00:00:00+01:00
4539572,SA_0000001476,COUNTRY,ITA,EUR,YEAR,Europe,,,2003,,,,,DATASOURCE,DATASOURCE_SA_0000001476_ITA,0.8,0.8,,,,2018-10-25T13:07:09+02:00,2003,2003-01-01T00:00:00+01:00,2003-12-31T00:00:00+01:00
4539200,SA_0000001476,COUNTRY,HUN,EUR,YEAR,Europe,,,2010,,,,,DATASOURCE,DATASOURCE_SA_0000001476_HUN,1.1,1.1,,,,2018-10-25T13:07:07+02:00,2010,2010-01-01T00:00:00+01:00,2010-12-31T00:00:00+01:00
4548522,SA_0000001476,COUNTRY,HUN,EUR,YEAR,Europe,,,2015,,,,,DATASOURCE,DATASOURCE_SA_0000001476_HUN,2.9,2.9,,,,2018-10-25T13:07:06+02:00,2015,2015-01-01T00:00:00+01:00,2015-12-31T00:00:00+01:00
4529071,SA_0000001476,COUNTRY,THA,SEAR,YEAR,South-East Asia,,,1992,,,,,DATASOURCE,DATASOURCE_SA_0000001476_THA,2.5,2.5,,,,2018-10-25T13:07:04+02:00,1992,1992-01-01T00:00:00+01:00,1992-12-31T00:00:00+01:00
4539194,SA_0000001476,COUNTRY,DNK,EUR,YEAR,Europe,,,2010,,,,,DATASOURCE,DATASOURCE_SA_0000001476_DNK,1.6,1.6,,,,2018-10-25T13:07:07+02:00,2010,2010-01-01T00:00:00+01:00,2010-12-31T00:00:00+01:00
4539084,SA_0000001476,COUNTRY,RUS,EUR,YEAR,Europe,,,2013,,,,,DATASOURCE,DATASOURCE_SA_0000001476_RUS,1.7,1.7,,,,2018-10-25T13:07:02+02:00,2013,2013-01-01T00:00:00+01:00,2013-12-31T00:00:00+01:00
4529122,SA_0000001476,COUNTRY,CAN,AMR,YEAR,Americas,,,1998,,,,,DATASOURCE,DATASOURCE_SA_0000001476_CAN,2.2,2.2,,,,2018-10-25T13:07:09+02:00,1998,1998-01-01T00:00:00+01:00,1998-12-31T00:00:00+01:00
4539514,SA_0000001476,COUNTRY,ESP,EUR,YEAR,Europe,,,1992,,,,,DATASOURCE,DATASOURCE_SA_0000001476_ESP,1.3,1.3,,,,2018-10-25T13:07:10+02:00,1992,1992-01-01T00:00:00+01:00,1992-12-31T00:00:00+01:00
4539109,SA_0000001476,COUNTRY,CAN,AMR,YEAR,Americas,,,1999,,,,,DATASOURCE,DATASOURCE_SA_0000001476_CAN,2,2.0,,,,2018-10-25T13:07:10+02:00,1999,1999-01-01T00:00:00+01:00,1999-12-31T00:00:00+01:00
4548503,SA_0000001476,COUNTRY,MKD,EUR,YEAR,Europe,,,2012,,,,,DATASOURCE,DATASOURCE_SA_0000001476_MKD,1.8,1.8,,,,2018-10-25T13:07:08+02:00,2012,2012-01-01T00:00:00+01:00,2012-12-31T00:00:00+01:00
4529154,SA_0000001476,COUNTRY,ISL,EUR,YEAR,Europe,,,2001,,,,,DATASOURCE,DATASOURCE_SA_0000001476_ISL,3.5,3.5,,,,2018-10-25T13:07:00+02:00,2001,2001-01-01T00:00:00+01:00,2001-12-31T00:00:00+01:00
4539491,SA_0000001476,COUNTRY,FIN,EUR,YEAR,Europe,,,2014,,,,,DATASOURCE,DATASOURCE_SA_0000001476_FIN,4.2,4.2,,,,2018-10-25T13:07:04+02:00,2014,2014-01-01T00:00:00+01:00,2014-12-31T00:00:00+01:00
