Id_x,IndicatorCode_x,SpatialDimType_x,SpatialDim,ParentLocationCode_x,TimeDimType_x,ParentLocation_x,Dim1Type_x,Dim1_x,TimeDim_x,Dim2Type_x,Dim2_x,Dim3Type_x,Dim3_x,DataSourceDimType_x,DataSourceDim_x,Value_x,NumericValue_x,Low_x,High_x,Comments_x,Date_x,TimeDimensionValue,TimeDimensionBegin_x,TimeDimensionEnd_x,Id_y,IndicatorCode_y,SpatialDimType_y,TimeDimType_y,ParentLocationCode_y,ParentLocation_y,Dim1Type_y,Dim1_y,TimeDim_y,Dim2Type_y,Dim2_y,Dim3Type_y,Dim3_y,DataSourceDimType_y,DataSourceDim_y,Value_y,NumericValue_y,Low_y,High_y,Comments_y,Date_y,TimeDimensionBegin_y,TimeDimensionEnd_y
4529190,SA_0000001476,COUNTRY,USA,AMR,YEAR,Americas,,,2000,,,,,DATASOURCE,DATASOURCE_SA_0000001476_USA,1,1.0,,,,2018-10-25T13:07:04+02:00,2000,2000-01-01T00:00:00+01:00,2000-12-31T00:00:00+01:00,5289446,WHOSIS_000002,COUNTRY,YEAR,AMR,Americas,SEX,SEX_MLE,2000,,,,,,,64.6,64.5766,,,,2020-12-04T17:03:43+01:00,2000-01-01T00:00:00+01:00,2000-12-31T00:00:00+01:00
4529190,SA_0000001476,COUNTRY,USA,AMR,YEAR,Americas,,,2000,,,,,DATASOURCE,DATASOURCE_SA_0000001476_USA,1,1.0,,,,2018-10-25T13:07:04+02:00,2000,2000-01-01T00:00:00+01:00,2000-12-31T00:00:00+01:00,5289445,WHOSIS_000002,COUNTRY,YEAR,AMR,Americas,SEX,SEX_FMLE,2000,,,,,,,67.0,66.96071,,,,2020-12-04T17:03:44+01:00,2000-01-01T00:00:00+01:00,2000-12-31T00:00:00+01:00
4529190,SA_0000001476,COUNTRY,USA,AMR,YEAR,Americas,,,2000,,,,,DATASOURCE,DATASOURCE_SA_0000001476_USA,1,1.0,,,,2018-10-25T13:07:04+02:00,2000,2000-01-01T00:00:00+01:00,2000-12-31T00:00:00+01:00,5289468,WHOSIS_000002,COUNTRY,YEAR,AMR,Americas,SEX,SEX_BTSX,2000,,,,,,,65.8,65.8003,,,,2020-12-04T17:03:44+01:00,2000-01-01T00:00:00+01:00,2000-12-31T00:00:00+01:00
4539200,SA_0000001476,COUNTRY,HUN,EUR,YEAR,Europe,,,2010,,,,,DATASOURCE,DATASOURCE_SA_0000001476_HUN,1.1,1.1,,,,2018-10-25T13:07:07+02:00,2010,2010-01-01T00:00:00+01:00,2010-12-31T00:00:00+01:00,5356082,WHOSIS_000002,COUNTRY,YEAR,EUR,Europe,SEX,SEX_FMLE,2010,,,,,,,68.4,68.37724,,,,2020-12-04T17:01:26+01:00,2010-01-01T00:00:00+01:00,2010-12-31T00:00:00+01:00
4539200,SA_0000001476,COUNTRY,HUN,EUR,YEAR,Europe,,,2010,,,,,DATASOURCE,DATASOURCE_SA_0000001476_HUN,1.1,1.1,,,,2018-10-25T13:07:07+02:00,2010,2010-01-01T00:00:00+01:00,2010-12-31T00:00:00+01:00,5322907,WHOSIS_000002,COUNTRY,YEAR,EUR,Europe,SEX,SEX_MLE,2010,,,,,,,63.0,63.01783,,,,2020-12-04T17:01:26+01:00,2010-01-01T00:00:00+01:00,2010-12-31T00:00:00+01:00
4539200,SA_0000001476,COUNTRY,HUN,EUR,YEAR,Europe,,,2010,,,,,DATASOURCE,DATASOURCE_SA_0000001476_HUN,1.1,1.1,,,,2018-10-25T13:07:07+02:00,2010,2010-01-01T00:00:00+01:00,2010-12-31T00:00:00+01:00,5322906,WHOSIS_000002,COUNTRY,YEAR,EUR,Europe,SEX,SEX_BTSX,2010,,,,,,,65.8,65.76557,,,,2020-12-04T17:01:27+01:00,2010-01-01T00:00:00+01:00,2010-12-31T00:00:00+01:00
4539165,SA_0000001476,COUNTRY,PHL,WPR,YEAR,Western Pacific,,,2015,,,,,DATASOURCE,DATASOURCE_SA_0000001476_PHL,0.5,0.5,,,,2018-10-25T13:07:08+02:00,2015,2015-01-01T00:00:00+01:00,2015-12-31T00:00:00+01:00,5422853,WHOSIS_000002,COUNTRY,YEAR,WPR,Western Pacific,SEX,SEX_FMLE,2015,,,,,,,64.0,64.01112,,,,2020-12-04T17:02:48+01:00,2015-01-01T00:00:00+01:00,2015-12-31T00:00:00+01:00
4539165,SA_0000001476,COUNTRY,PHL,WPR,YEAR,Western Pacific,,,2015,,,,,DATASOURCE,DATASOURCE_SA_0000001476_PHL,0.5,0.5,,,,2018-10-25T13:07:08+02:00,2015,2015-01-01T00:00:00+01:00,2015-12-31T00:00:00+01:00,5456075,WHOSIS_000002,COUNTRY,YEAR,WPR,Western Pacific,SEX,SEX_BTSX,2015,,,,,,,61.9,61.91336,,,,2020-12-04T17:02:49+01:00,2015-01-01T00:00:00+01:00,2015-12-31T00:00:00+01:00
4539165,SA_0000001476,COUNTRY,PHL,WPR,YEAR,Western Pacific,,,2015,,,,,DATASOURCE,DATASOURCE_SA_0000001476_PHL,0.5,0.5,,,,2018-10-25T13:07:08+02:00,2015,2015-01-01T00:00:00+01:00,2015-12-31T00:00:00+01:00,5422854,WHOSIS_000002,COUNTRY,YEAR,WPR,Western Pacific,SEX,SEX_MLE,2015,,,,,,,59.9,59.93903,,,,2020-12-04T17:02:48+01:00,2015-01-01T00:00:00+01:00,2015-12-31T00:00:00+01:00
4529272,SA_0000001476,COUNTRY,UKR,EUR,YEAR,Europe,,,2010,,,,,DATASOURCE,DATASOURCE_SA_0000001476_UKR,1.6,1.6,,,,2018-10-25T13:07:04+02:00,2010,2010-01-01T00:00:00+01:00,2010-12-31T00:00:00+01:00,5389296,WHOSIS_000002,COUNTRY,YEAR,EUR,Europe,SEX,SEX_BTSX,2010,,,,,,,62.2,62.19735,,,,2020-12-04T17:03:42+01:00,2010-01-01T00:00:00+01:00,2010-12-31T00:00:00+01:00
4529272,SA_0000001476,COUNTRY,UKR,EUR,YEAR,Europe,,,2010,,,,,DATASOURCE,DATASOURCE_SA_0000001476_UKR,1.6,1.6,,,,2018-10-25T13:07:04+02:00,2010,2010-01-01T00:00:00+01:00,2010-12-31T00:00:00+01:00,5389261,WHOSIS_000002,COUNTRY,YEAR,EUR,Europe,SEX,SEX_MLE,2010,,,,,,,58.5,58.50813,,,,2020-12-04T17:03:41+01:00,2010-01-01T00:00:00+01:00,2010-12-31T00:00:00+01:00
4529272,SA_0000001476,COUNTRY,UKR,EUR,YEAR,Europe,,,2010,,,,,DATASOURCE,DATASOURCE_SA_0000001476_UKR,1.6,1.6,,,,2018-10-25T13:07:04+02:00,2010,2010-01-01T00:00:00+01:00,2010-12-31T00:00:00+01:00,5389252,WHOSIS_000002,COUNTRY,YEAR,EUR,Europe,SEX,SEX_FMLE,2010,,,,,,,65.8,65.80828,,,,2020-12-04T17:03:41+01:00,2010-01-01T00:00:00+01:00,2010-12-31T00:00:00+01:00
4548518,SA_0000001476,COUNTRY,AUS,WPR,YEAR,Western Pacific,,,2015,,,,,DATASOURCE,DATASOURCE_SA_0000001476_AUS,2.3,2.3,,,,2018-10-25T13:07:01+02:00,2015,2015-01-01T00:00:00+01:00,2015-12-31T00:00:00+01:00,5389407,WHOSIS_000002,COUNTRY,YEAR,WPR,Western Pacific,SEX,SEX_MLE,2015,,,,,,,69.7,69.74165,,,,2020-12-04T16:59:52+01:00,2015-01-01T00:00:00+01:00,2015-12-31T00:00:00+01:00
4548518,SA_0000001476,COUNTRY,AUS,WPR,YEAR,Western Pacific,,,2015,,,,,DATASOURCE,DATASOURCE_SA_0000001476_AUS,2.3,2.3,,,,2018-10-25T13:07:01+02:00,2015,2015-01-01T00:00:00+01:00,2015-12-31T00:00:00+01:00,5389316,WHOSIS_000002,COUNTRY,YEAR,WPR,Western Pacific,SEX,SEX_FMLE,2015,,,,,,,71.4,71.40141,,,,2020-12-04T16:59:52+01:00,2015-01-01T00:00:00+01:00,2015-12-31T00:00:00+01:00
4548518,SA_0000001476,COUNTRY,AUS,WPR,YEAR,Western Pacific,,,2015,,,,,DATASOURCE,DATASOURCE_SA_0000001476_AUS,2.3,2.3,,,,2018-10-25T13:07:01+02:00,2015,2015-01-01T00:00:00+01:00,2015-12-31T00:00:00+01:00,5389341,WHOSIS_000002,COUNTRY,YEAR,WPR,Western Pacific,SEX,SEX_BTSX,2015,,,,,,,70.6,70.56129,,,,2020-12-04T16:59:52+01:00,2015-01-01T00:00:00+01:00,2015-12-31T00:00:00+01:00
4548487,SA_0000001476,COUNTRY,AUT,EUR,YEAR,Europe,,,2010,,,,,DATASOURCE,DATASOURCE_SA_0000001476_AUT,1.4,1.4,,,,2018-10-25T13:07:08+02:00,2010,2010-01-01T00:00:00+01:00,2010-12-31T00:00:00+01:00,5321410,WHOSIS_000002,COUNTRY,YEAR,EUR,Europe,SEX,SEX_FMLE,2010,,,,,,,71.4,71.4039,,,,2020-12-04T16:59:53+01:00,2010-01-01T00:00:00+01:00,2010-12-31T00:00:00+01:00
4548487,SA_0000001476,COUNTRY,AUT,EUR,YEAR,Europe,,,2010,,,,,DATASOURCE,DATASOURCE_SA_0000001476_AUT,1.4,1.4,,,,2018-10-25T13:07:08+02:00,2010,2010-01-01T00:00:00+01:00,2010-12-31T00:00:00+01:00,5321495,WHOSIS_000002,COUNTRY,YEAR,EUR,Europe,SEX,SEX_BTSX,2010,,,,,,,69.9,69.9159,,,,2020-12-04T16:59:54+01:00,2010-01-01T00:00:00+01:00,2010-12-31T00:00:00+01:00
4548487,SA_0000001476,COUNTRY,AUT,EUR,YEAR,Europe,,,2010,,,,,DATASOURCE,DATASOURCE_SA_0000001476_AUT,1.4,1.4,,,,2018-10-25T13:07:08+02:00,2010,2010-01-01T00:00:00+01:00,2010-12-31T00:00:00+01:00,5321496,WHOSIS_000002,COUNTRY,YEAR,EUR,Europe,SEX,SEX_MLE,2010,,,,,,,68.3,68.33723,,,,2020-12-04T16:59:53+01:00,2010-01-01T00:00:00+01:00,2010-12-31T00:00:00+01:00
4529270,SA_0000001476,COUNTRY,ITA,EUR,YEAR,Europe,,,2010,,,,,DATASOURCE,DATASOURCE_SA_0000001476_ITA,0.7,0.7,,,,2018-10-25T13:07:05+02:00,2010,2010-01-01T00:00:00+01:00,2010-12-31T00:00:00+01:00,5356103,WHOSIS_000002,COUNTRY,YEAR,EUR,Europe,SEX,SEX_FMLE,2010,,,,,,,72.2,72.18626,,,,2020-12-04T17:01:37+01:00,2010-01-01T00:00:00+01:00,2010-12-31T00:00:00+01:00
4529270,SA_0000001476,COUNTRY,ITA,EUR,YEAR,Europe,,,2010,,,,,DATASOURCE,DATASOURCE_SA_0000001476_ITA,0.7,0.7,,,,2018-10-25T13:07:05+02:00,2010,2010-01-01T00:00:00+01:00,2010-12-31T00:00:00+01:00,5356096,WHOSIS_000002,COUNTRY,YEAR,EUR,Europe,SEX,SEX_BTSX,2010,,,,,,,71.1,71.14208,,,,2020-12-04T17:01:38+01:00,2010-01-01T00:00:00+01:00,2010-12-31T00:00:00+01:00
4529270,SA_0000001476,COUNTRY,ITA,EUR,YEAR,Europe,,,2010,,,,,DATASOURCE,DATASOURCE_SA_0000001476_ITA,0.7,0.7,,,,2018-10-25T13:07:05+02:00,2010,2010-01-01T00:00:00+01:00,2010-12-31T00:00:00+01:00,5356123,WHOSIS_000002,COUNTRY,YEAR,EUR,Europe,SEX,SEX_MLE,2010,,,,,,,70.0,69.97733,,,,2020-12-04T17:01:37+01:00,2010-01-01T00:00:00+01:00,2010-12-31T00:00:00+01:00
4529148,SA_0000001476,COUNTRY,SVN,EUR,YEAR,Europe,,,2000,,,,,DATASOURCE,DATASOURCE_SA_0000001476_SVN,1.1,1.1,,,,2018-10-25T13:07:02+02:00,2000,2000-01-01T00:00:00+01:00,2000-12-31T00:00:00+01:00,5289410,WHOSIS_000002,COUNTRY,YEAR,EUR,Europe,SEX,SEX_FMLE,2000,,,,,,,69.1,69.12015,,,,2020-12-04T17:03:19+01:00,2000-01-01T00:00:00+01:00,2000-12-31T00:00:00+01:00
4529148,SA_0000001476,COUNTRY,SVN,EUR,YEAR,Europe,,,2000,,,,,DATASOURCE,DATASOURCE_SA_0000001476_SVN,1.1,1.1,,,,2018-10-25T13:07:02+02:00,2000,2000-01-01T00:00:00+01:00,2000-12-31T00:00:00+01:00,5289480,WHOSIS_000002,COUNTRY,YEAR,EUR,Europe,SEX,SEX_MLE,2000,,,,,,,63.8,63.77006,,,,2020-12-04T17:03:19+01:00,2000-01-01T00:00:00+01:00,2000-12-31T00:00:00+01:00
4529148,SA_0000001476,COUNTRY,SVN,EUR,YEAR,Europe,,,2000,,,,,DATASOURCE,DATASOURCE_SA_0000001476_SVN,1.1,1.1,,,,2018-10-25T13:07:02+02:00,2000,2000-01-01T00:00:00+01:00,2000-12-31T00:00:00+01:00,5289479,WHOSIS_000002,COUNTRY,YEAR,EUR,Europe,SEX,SEX_BTSX,2000,,,,,,,66.5,66.51585,,,,2020-12-04T17:03:20+01:00,2000-01-01T00:00:00+01:00,2000-12-31T00:00:00+01:00
4539112,SA_0000001476,COUNTRY,AUT,EUR,YEAR,Europe,,,2000,,,,,DATASOURCE,DATASOURCE_SA_0000001476_AUT,1.4,1.4,,,,2018-10-25T13:07:03+02:00,2000,2000-01-01T00:00:00+01:00,2000-12-31T00:00:00+01:00,5256532,WHOSIS_000002,COUNTRY,YEAR,EUR,Europe,SEX,SEX_MLE,2000,,,,,,,66.3,66.34692,,,,2020-12-04T16:59:53+01:00,2000-01-01T00:00:00+01:00,2000-12-31T00:00:00+01:00
4539112,SA_0000001476,COUNTRY,AUT,EUR,YEAR,Europe,,,2000,,,,,DATASOURCE,DATASOURCE_SA_0000001476_AUT,1.4,1.4,,,,2018-10-25T13:07:03+02:00,2000,2000-01-01T00:00:00+01:00,2000-12-31T00:00:00+01:00,5224447,WHOSIS_000002,COUNTRY,YEAR,EUR,Europe,SEX,SEX_BTSX,2000,,,,,,,68.2,68.17779,,,,2020-12-04T16:59:53+01:00,2000-01-01T00:00:00+01:00,2000-12-31T00:00:00+01:00
4539112,SA_0000001476,COUNTRY,AUT,EUR,YEAR,Europe,,,2000,,,,,DATASOURCE,DATASOURCE_SA_0000001476_AUT,1.4,1.4,,,,2018-10-25T13:07:03+02:00,2000,2000-01-01T00:00:00+01:00,2000-12-31T00:00:00+01:00,5256531,WHOSIS_000002,COUNTRY,YEAR,EUR,Europe,SEX,SEX_FMLE,2000,,,,,,,69.8,69.81113,,,,2020-12-04T16:59:53+01:00,2000-01-01T00:00:00+01:00,2000-12-31T00:00:00+01:00
4529271,SA_0000001476,COUNTRY,MEX,AMR,YEAR,Americas,,,2010,,,,,DATASOURCE,DATASOURCE_SA_0000001476_MEX,1.9,1.9,,,,2018-10-25T13:07:05+02:00,2010,2010-01-01T00:00:00+01:00,2010-12-31T00:00:00+01:00,5356130,WHOSIS_000002,COUNTRY,YEAR,AMR,Americas,SEX,SEX_MLE,2010,,,,,,,63.6,63.60364,,,,2020-12-04T17:02:13+01:00,2010-01-01T00:00:00+01:00,2010-12-31T00:00:00+01:00
4529271,SA_0000001476,COUNTRY,MEX,AMR,YEAR,Americas,,,2010,,,,,DATASOURCE,DATASOURCE_SA_0000001476_MEX,1.9,1.9,,,,2018-10-25T13:07:05+02:00,2010,2010-01-01T00:00:00+01:00,2010-12-31T00:00:00+01:00,5356180,WHOSIS_000002,COUNTRY,YEAR,AMR,Americas,SEX,SEX_BTSX,2010,,,,,,,65.1,65.12693,,,,2020-12-04T17:02:14+01:00,2010-01-01T00:00:00+01:00,2010-12-31T00:00:00+01:00
4529271,SA_0000001476,COUNTRY,MEX,AMR,YEAR,Americas,,,2010,,,,,DATASOURCE,DATASOURCE_SA_0000001476_MEX,1.9,1.9,,,,2018-10-25T13:07:05+02:00,2010,2010-01-01T00:00:00+01:00,2010-12-31T00:00:00+01:00,5356181,WHOSIS_000002,COUNTRY,YEAR,AMR,Americas,SEX,SEX_FMLE,2010,,,,,,,66.6,66.64231,,,,2020-12-04T17:02:14+01:00,2010-01-01T00:00:00+01:00,2010-12-31T00:00:00+01:00
4539114,SA_0000001476,COUNTRY,FIN,EUR,YEAR,Europe,,,2000,,,,,DATASOURCE,DATASOURCE_SA_0000001476_FIN,5.4,5.4,,,,2018-10-25T13:07:07+02:00,2000,2000-01-01T00:00:00+01:00,2000-12-31T00:00:00+01:00,5256650,WHOSIS_000002,COUNTRY,YEAR,EUR,Europe,SEX,SEX_MLE,2000,,,,,,,65.8,65.78826,,,,2020-12-04T17:00:58+01:00,2000-01-01T00:00:00+01:00,2000-12-31T00:00:00+01:00
4539114,SA_0000001476,COUNTRY,FIN,EUR,YEAR,Europe,,,2000,,,,,DATASOURCE,DATASOURCE_SA_0000001476_FIN,5.4,5.4,,,,2018-10-25T13:07:07+02:00,2000,2000-01-01T00:00:00+01:00,2000-12-31T00:00:00+01:00,5256584,WHOSIS_000002,COUNTRY,YEAR,EUR,Europe,SEX,SEX_FMLE,2000,,,,,,,69.6,69.6449,,,,2020-12-04T17:00:58+01:00,2000-01-01T00:00:00+01:00,2000-12-31T00:00:00+01:00
4539114,SA_0000001476,COUNTRY,FIN,EUR,YEAR,Europe,,,2000,,,,,DATASOURCE,DATASOURCE_SA_0000001476_FIN,5.4,5.4,,,,2018-10-25T13:07:07+02:00,2000,2000-01-01T00:00:00+01:00,2000-12-31T00:00:00+01:00,5256639,WHOSIS_000002,COUNTRY,YEAR,EUR,Europe,SEX,SEX_BTSX,2000,,,,,,,67.8,67.77811,,,,2020-12-04T17:00:59+01:00,2000-01-01T00:00:00+01:00,2000-12-31T00:00:00+01:00
4539210,SA_0000001476,COUNTRY,SWE,EUR,YEAR,Europe,,,2010,,,,,DATASOURCE,DATASOURCE_SA_0000001476_SWE,1.9,1.9,,,,2018-10-25T13:07:01+02:00,2010,2010-01-01T00:00:00+01:00,2010-12-31T00:00:00+01:00,5389225,WHOSIS_000002,COUNTRY,YEAR,EUR,Europe,SEX,SEX_BTSX,2010,,,,,,,71.2,71.18043,,,,2020-12-04T17:03:21+01:00,2010-01-01T00:00:00+01:00,2010-12-31T00:00:00+01:00
4539210,SA_0000001476,COUNTRY,SWE,EUR,YEAR,Europe,,,2010,,,,,DATASOURCE,DATASOURCE_SA_0000001476_SWE,1.9,1.9,,,,2018-10-25T13:07:01+02:00,2010,2010-01-01T00:00:00+01:00,2010-12-31T00:00:00+01:00,5389226,WHOSIS_000002,COUNTRY,YEAR,EUR,Europe,SEX,SEX_MLE,2010,,,,,,,70.7,70.66393,,,,2020-12-04T17:03:20+01:00,2010-01-01T00:00:00+01:00,2010-12-31T00:00:00+01:00
4539210,SA_0000001476,COUNTRY,SWE,EUR,YEAR,Europe,,,2010,,,,,DATASOURCE,DATASOURCE_SA_0000001476_SWE,1.9,1.9,,,,2018-10-25T13:07:01+02:00,2010,2010-01-01T00:00:00+01:00,2010-12-31T00:00:00+01:00,5389242,WHOSIS_000002,COUNTRY,YEAR,EUR,Europe,SEX,SEX_FMLE,2010,,,,,,,71.7,71.65131,,,,2020-12-04T17:03:21+01:00,2010-01-01T00:00:00+01:00,2010-12-31T00:00:00+01:00
4539202,SA_0000001476,COUNTRY,NLD,EUR,YEAR,Europe,,,2010,,,,,DATASOURCE,DATASOURCE_SA_0000001476_NLD,0.7,0.7,,,,2018-10-25T13:07:07+02:00,2010,2010-01-01T00:00:00+01:00,2010-12-31T00:00:00+01:00,5356199,WHOSIS_000002,COUNTRY,YEAR,EUR,Europe,SEX,SEX_FMLE,2010,,,,,,,71.4,71.39034,,,,2020-12-04T17:02:38+01:00,2010-01-01T00:00:00+01:00,2010-12-31T00:00:00+01:00
4539202,SA_0000001476,COUNTRY,NLD,EUR,YEAR,Europe,,,2010,,,,,DATASOURCE,DATASOURCE_SA_0000001476_NLD,0.7,0.7,,,,2018-10-25T13:07:07+02:00,2010,2010-01-01T00:00:00+01:00,2010-12-31T00:00:00+01:00,5356204,WHOSIS_000002,COUNTRY,YEAR,EUR,Europe,SEX,SEX_MLE,2010,,,,,,,70.3,70.33172,,,,2020-12-04T17:02:37+01:00,2010-01-01T00:00:00+01:00,2010-12-31T00:00:00+01:00
4539202,SA_0000001476,COUNTRY,NLD,EUR,YEAR,Europe,,,2010,,,,,DATASOURCE,DATASOURCE_SA_0000001476_NLD,0.7,0.7,,,,2018-10-25T13:07:07+02:00,2010,2010-01-01T00:00:00+01:00,2010-12-31T00:00:00+01:00,5356203,WHOSIS_000002,COUNTRY,YEAR,EUR,Europe,SEX,SEX_BTSX,2010,,,,,,,70.9,70.90195,,,,2020-12-04T17:02:38+01:00,2010-01-01T00:00:00+01:00,2010-12-31T00:00:00+01:00
4539103,SA_0000001476,COUNTRY,ALB,EUR,YEAR,Europe,,,2015,,,,,DATASOURCE,DATASOURCE_SA_0000001476_ALB,1.3,1.3,,,,2018-10-25T13:07:01+02:00,2015,2015-01-01T00:00:00+01:00,2015-12-31T00:00:00+01:00,5389337,WHOSIS_000002,COUNTRY,YEAR,EUR,Europe,SEX,SEX_BTSX,2015,,,,,,,69.0,69.02539,,,,2020-12-04T16:59:46+01:00,2015-01-01T00:00:00+01:00,2015-12-31T00:00:00+01:00
4539103,SA_0000001476,COUNTRY,ALB,EUR,YEAR,Europe,,,2015,,,,,DATASOURCE,DATASOURCE_SA_0000001476_ALB,1.3,1.3,,,,2018-10-25T13:07:01+02:00,2015,2015-01-01T00:00:00+01:00,2015-12-31T00:00:00+01:00,5389384,WHOSIS_000002,COUNTRY,YEAR,EUR,Europe,SEX,SEX_MLE,2015,,,,,,,68.0,67.99379,,,,2020-12-04T16:59:46+01:00,2015-01-01T00:00:00+01:00,2015-12-31T00:00:00+01:00
4539103,SA_0000001476,COUNTRY,ALB,EUR,YEAR,Europe,,,2015,,,,,DATASOURCE,DATASOURCE_SA_0000001476_ALB,1.3,1.3,,,,2018-10-25T13:07:01+02:00,2015,2015-01-01T00:00:00+01:00,2015-12-31T00:00:00+01:00,5389285,WHOSIS_000002,COUNTRY,YEAR,EUR,Europe,SEX,SEX_FMLE,2015,,,,,,,70.1,70.12115,,,,2020-12-04T16:59:46+01:00,2015-01-01T00:00:00+01:00,2015-12-31T00:00:00+01:00
4539163,SA_0000001476,COUNTRY,DNK,EUR,YEAR,Europe,,,2015,,,,,DATASOURCE,DATASOURCE_SA_0000001476_DNK,1.7,1.7,,,,2018-10-25T13:07:06+02:00,2015,2015-01-01T00:00:00+01:00,2015-12-31T00:00:00+01:00,5389419,WHOSIS_000002,COUNTRY,YEAR,EUR,Europe,SEX,SEX_BTSX,2015,,,,,,,70.5,70.52639,,,,2020-12-04T17:00:47+01:00,2015-01-01T00:00:00+01:00,2015-12-31T00:00:00+01:00
4539163,SA_0000001476,COUNTRY,DNK,EUR,YEAR,Europe,,,2015,,,,,DATASOURCE,DATASOURCE_SA_0000001476_DNK,1.7,1.7,,,,2018-10-25T13:07:06+02:00,2015,2015-01-01T00:00:00+01:00,2015-12-31T00:00:00+01:00,5422626,WHOSIS_000002,COUNTRY,YEAR,EUR,Europe,SEX,SEX_MLE,2015,,,,,,,70.1,70.09451,,,,2020-12-04T17:00:46+01:00,2015-01-01T00:00:00+01:00,2015-12-31T00:00:00+01:00
4539163,SA_0000001476,COUNTRY,DNK,EUR,YEAR,Europe,,,2015,,,,,DATASOURCE,DATASOURCE_SA_0000001476_DNK,1.7,1.7,,,,2018-10-25T13:07:06+02:00,2015,2015-01-01T00:00:00+01:00,2015-12-31T00:00:00+01:00,5389420,WHOSIS_000002,COUNTRY,YEAR,EUR,Europe,SEX,SEX_FMLE,2015,,,,,,,70.9,70.93359,,,,2020-12-04T17:00:46+01:00,2015-01-01T00:00:00+01:00,2015-12-31T00:00:00+01:00
4539115,SA_0000001476,COUNTRY,GBR,EUR,YEAR,Europe,,,2000,,,,,DATASOURCE,DATASOURCE_SA_0000001476_GBR,5.8,5.8,,,,2018-10-25T13:07:02+02:00,2000,2000-01-01T00:00:00+01:00,2000-12-31T00:00:00+01:00,5257428,WHOSIS_000002,COUNTRY,YEAR,EUR,Europe,SEX,SEX_MLE,2000,,,,,,,66.5,66.50073,,,,2020-12-04T17:01:05+01:00,2000-01-01T00:00:00+01:00,2000-12-31T00:00:00+01:00
4539115,SA_0000001476,COUNTRY,GBR,EUR,YEAR,Europe,,,2000,,,,,DATASOURCE,DATASOURCE_SA_0000001476_GBR,5.8,5.8,,,,2018-10-25T13:07:02+02:00,2000,2000-01-01T00:00:00+01:00,2000-12-31T00:00:00+01:00,5257464,WHOSIS_000002,COUNTRY,YEAR,EUR,Europe,SEX,SEX_BTSX,2000,,,,,,,67.6,67.57213,,,,2020-12-04T17:01:06+01:00,2000-01-01T00:00:00+01:00,2000-12-31T00:00:00+01:00
4539115,SA_0000001476,COUNTRY,GBR,EUR,YEAR,Europe,,,2000,,,,,DATASOURCE,DATASOURCE_SA_0000001476_GBR,5.8,5.8,,,,2018-10-25T13:07:02+02:00,2000,2000-01-01T00:00:00+01:00,2000-12-31T00:00:00+01:00,5256643,WHOSIS_000002,COUNTRY,YEAR,EUR,Europe,SEX,SEX_FMLE,2000,,,,,,,68.6,68.57129,,,,2020-12-04T17:01:05+01:00,2000-01-01T00:00:00+01:00,2000-12-31T00:00:00+01:00
4539164,SA_0000001476,COUNTRY,EST,EUR,YEAR,Europe,,,2015,,,,,DATASOURCE,DATASOURCE_SA_0000001476_EST,2.2,2.2,,,,2018-10-25T13:07:04+02:00,2015,2015-01-01T00:00:00+01:00,2015-12-31T00:00:00+01:00,5389470,WHOSIS_000002,COUNTRY,YEAR,EUR,Europe,SEX,SEX_MLE,2015,,,,,,,65.0,65.02757,,,,2020-12-04T17:00:55+01:00,2015-01-01T00:00:00+01:00,2015-12-31T00:00:00+01:00
4539164,SA_0000001476,COUNTRY,EST,EUR,YEAR,Europe,,,2015,,,,,DATASOURCE,DATASOURCE_SA_0000001476_EST,2.2,2.2,,,,2018-10-25T13:07:04+02:00,2015,2015-01-01T00:00:00+01:00,2015-12-31T00:00:00+01:00,5389429,WHOSIS_000002,COUNTRY,YEAR,EUR,Europe,SEX,SEX_FMLE,2015,,,,,,,71.1,71.11841,,,,2020-12-04T17:00:55+01:00,2015-01-01T00:00:00+01:00,2015-12-31T00:00:00+01:00
4539164,SA_0000001476,COUNTRY,EST,EUR,YEAR,Europe,,,2015,,,,,DATASOURCE,DATASOURCE_SA_0000001476_EST,2.2,2.2,,,,2018-10-25T13:07:04+02:00,2015,2015-01-01T00:00:00+01:00,2015-12-31T00:00:00+01:00,5389469,WHOSIS_000002,COUNTRY,YEAR,EUR,Europe,SEX,SEX_BTSX,2015,,,,,,,68.3,68.25513,,,,2020-12-04T17:00:56+01:00,2015-01-01T00:00:00+01:00,2015-12-31T00:00:00+01:00
4539527,SA_0000001476,COUNTRY,MKD,EUR,YEAR,Europe,,,2015,,,,,DATASOURCE,DATASOURCE_SA_0000001476_MKD,1.2,1.2,,,,2018-10-25T13:07:01+02:00,2015,2015-01-01T00:00:00+01:00,2015-12-31T00:00:00+01:00,5422790,WHOSIS_000002,COUNTRY,YEAR,EUR,Europe,SEX,SEX_MLE,2015,,,,,,,64.2,64.16281,,,,2020-12-04T17:02:15+01:00,2015-01-01T00:00:00+01:00,2015-12-31T00:00:00+01:00
4539527,SA_0000001476,COUNTRY,MKD,EUR,YEAR,Europe,,,2015,,,,,DATASOURCE,DATASOURCE_SA_0000001476_MKD,1.2,1.2,,,,2018-10-25T13:07:01+02:00,2015,2015-01-01T00:00:00+01:00,2015-12-31T00:00:00+01:00,5422774,WHOSIS_000002,COUNTRY,YEAR,EUR,Europe,SEX,SEX_FMLE,2015,,,,,,,66.5,66.5397,,,,2020-12-04T17:02:16+01:00,2015-01-01T00:00:00+01:00,2015-12-31T00:00:00+01:00
4539527,SA_0000001476,COUNTRY,MKD,EUR,YEAR,Europe,,,2015,,,,,DATASOURCE,DATASOURCE_SA_0000001476_MKD,1.2,1.2,,,,2018-10-25T13:07:01+02:00,2015,2015-01-01T00:00:00+01:00,2015-12-31T00:00:00+01:00,5422826,WHOSIS_000002,COUNTRY,YEAR,EUR,Europe,SEX,SEX_BTSX,2015,,,,,,,65.3,65.32852,,,,2020-12-04T17:02:16+01:00,2015-01-01T00:00:00+01:00,2015-12-31T00:00:00+01:00
4539192,SA_0000001476,COUNTRY,AUS,WPR,YEAR,Western Pacific,,,2010,,,,,DATASOURCE,DATASOURCE_SA_0000001476_AUS,2.6,2.6,,,,2018-10-25T13:07:04+02:00,2010,2010-01-01T00:00:00+01:00,2010-12-31T00:00:00+01:00,5321392,WHOSIS_000002,COUNTRY,YEAR,WPR,Western Pacific,SEX,SEX_BTSX,2010,,,,,,,70.2,70.16705,,,,2020-12-04T16:59:52+01:00,2010-01-01T00:00:00+01:00,2010-12-31T00:00:00+01:00
4539192,SA_0000001476,COUNTRY,AUS,WPR,YEAR,Western Pacific,,,2010,,,,,DATASOURCE,DATASOURCE_SA_0000001476_AUS,2.6,2.6,,,,2018-10-25T13:07:04+02:00,2010,2010-01-01T00:00:00+01:00,2010-12-31T00:00:00+01:00,5321466,WHOSIS_000002,COUNTRY,YEAR,WPR,Western Pacific,SEX,SEX_MLE,2010,,,,,,,69.2,69.16231,,,,2020-12-04T16:59:51+01:00,2010-01-01T00:00:00+01:00,2010-12-31T00:00:00+01:00
4539192,SA_0000001476,COUNTRY,AUS,WPR,YEAR,Western Pacific,,,2010,,,,,DATASOURCE,DATASOURCE_SA_0000001476_AUS,2.6,2.6,,,,2018-10-25T13:07:04+02:00,2010,2010-01-01T00:00:00+01:00,2010-12-31T00:00:00+01:00,5321465,WHOSIS_000002,COUNTRY,YEAR,WPR,Western Pacific,SEX,SEX_FMLE,2010,,,,,,,71.2,71.1886,,,,2020-12-04T16:59:52+01:00,2010-01-01T00:00:00+01:00,2010-12-31T00:00:00+01:00
4539561,SA_0000001476,COUNTRY,NOR,EUR,YEAR,Europe,,,2000,,,,,DATASOURCE,DATASOURCE_SA_0000001476_NOR,3.9,3.9,,,,2018-10-25T13:07:11+02:00,2000,2000-01-01T00:00:00+01:00,2000-12-31T00:00:00+01:00,5289335,WHOSIS_000002,COUNTRY,YEAR,EUR,Europe,SEX,SEX_MLE,2000,,,,,,,67.0,67.00295,,,,2020-12-04T17:02:38+01:00,2000-01-01T00:00:00+01:00,2000-12-31T00:00:00+01:00
4539561,SA_0000001476,COUNTRY,NOR,EUR,YEAR,Europe,,,2000,,,,,DATASOURCE,DATASOURCE_SA_0000001476_NOR,3.9,3.9,,,,2018-10-25T13:07:11+02:00,2000,2000-01-01T00:00:00+01:00,2000-12-31T00:00:00+01:00,5289333,WHOSIS_000002,COUNTRY,YEAR,EUR,Europe,SEX,SEX_BTSX,2000,,,,,,,68.4,68.43369,,,,2020-12-04T17:02:39+01:00,2000-01-01T00:00:00+01:00,2000-12-31T00:00:00+01:00
4539561,SA_0000001476,COUNTRY,NOR,EUR,YEAR,Europe,,,2000,,,,,DATASOURCE,DATASOURCE_SA_0000001476_NOR,3.9,3.9,,,,2018-10-25T13:07:11+02:00,2000,2000-01-01T00:00:00+01:00,2000-12-31T00:00:00+01:00,5289334,WHOSIS_000002,COUNTRY,YEAR,EUR,Europe,SEX,SEX_FMLE,2000,,,,,,,69.8,69.81198,,,,2020-12-04T17:02:39+01:00,2000-01-01T00:00:00+01:00,2000-12-31T00:00:00+01:00
4529138,SA_0000001476,COUNTRY,CAN,AMR,YEAR,Americas,,,2000,,,,,DATASOURCE,DATASOURCE_SA_0000001476_CAN,2.1,2.1,,,,2018-10-25T13:07:09+02:00,2000,2000-01-01T00:00:00+01:00,2000-12-31T00:00:00+01:00,5224469,WHOSIS_000002,COUNTRY,YEAR,AMR,Americas,SEX,SEX_FMLE,2000,,,,,,,70.6,70.64491,,,,2020-12-04T17:00:22+01:00,2000-01-01T00:00:00+01:00,2000-12-31T00:00:00+01:00
4529138,SA_0000001476,COUNTRY,CAN,AMR,YEAR,Americas,,,2000,,,,,DATASOURCE,DATASOURCE_SA_0000001476_CAN,2.1,2.1,,,,2018-10-25T13:07:09+02:00,2000,2000-01-01T00:00:00+01:00,2000-12-31T00:00:00+01:00,5256570,WHOSIS_000002,COUNTRY,YEAR,AMR,Americas,SEX,SEX_MLE,2000,,,,,,,68.1,68.11279,,,,2020-12-04T17:00:21+01:00,2000-01-01T00:00:00+01:00,2000-12-31T00:00:00+01:00
4529138,SA_0000001476,COUNTRY,CAN,AMR,YEAR,Americas,,,2000,,,,,DATASOURCE,DATASOURCE_SA_0000001476_CAN,2.1,2.1,,,,2018-10-25T13:07:09+02:00,2000,2000-01-01T00:00:00+01:00,2000-12-31T00:00:00+01:00,5256546,WHOSIS_000002,COUNTRY,YEAR,AMR,Americas,SEX,SEX_BTSX,2000,,,,,,,69.4,69.41611,,,,2020-12-04T17:00:22+01:00,2000-01-01T00:00:00+01:00,2000-12-31T00:00:00+01:00
4529301,SA_0000001476,COUNTRY,FIN,EUR,YEAR,Europe,,,2010,,,,,DATASOURCE,DATASOURCE_SA_0000001476_FIN,4.7,4.7,,,,2018-10-25T13:07:00+02:00,2010,2010-01-01T00:00:00+01:00,2010-12-31T00:00:00+01:00,5322875,WHOSIS_000002,COUNTRY,YEAR,EUR,Europe,SEX,SEX_FMLE,2010,,,,,,,71.2,71.2142,,,,2020-12-04T17:00:58+01:00,2010-01-01T00:00:00+01:00,2010-12-31T00:00:00+01:00
4529301,SA_0000001476,COUNTRY,FIN,EUR,YEAR,Europe,,,2010,,,,,DATASOURCE,DATASOURCE_SA_0000001476_FIN,4.7,4.7,,,,2018-10-25T13:07:00+02:00,2010,2010-01-01T00:00:00+01:00,2010-12-31T00:00:00+01:00,5322857,WHOSIS_000002,COUNTRY,YEAR,EUR,Europe,SEX,SEX_MLE,2010,,,,,,,67.9,67.86093,,,,2020-12-04T17:00:58+01:00,2010-01-01T00:00:00+01:00,2010-12-31T00:00:00+01:00
4529301,SA_0000001476,COUNTRY,FIN,EUR,YEAR,Europe,,,2010,,,,,DATASOURCE,DATASOURCE_SA_0000001476_FIN,4.7,4.7,,,,2018-10-25T13:07:00+02:00,2010,2010-01-01T00:00:00+01:00,2010-12-31T00:00:00+01:00,5322856,WHOSIS_000002,COUNTRY,YEAR,EUR,Europe,SEX,SEX_BTSX,2010,,,,,,,69.6,69.55476,,,,2020-12-04T17:00:59+01:00,2010-01-01T00:00:00+01:00,2010-12-31T00:00:00+01:00
4529146,SA_0000001476,COUNTRY,ROU,EUR,YEAR,Europe,,,2000,,,,,DATASOURCE,DATASOURCE_SA_0000001476_ROU,3.8,3.8,,,,2018-10-25T13:07:10+02:00,2000,2000-01-01T00:00:00+01:00,2000-12-31T00:00:00+01:00,5289397,WHOSIS_000002,COUNTRY,YEAR,EUR,Europe,SEX,SEX_BTSX,2000,,,,,,,63.3,63.27088,,,,2020-12-04T17:02:59+01:00,2000-01-01T00:00:00+01:00,2000-12-31T00:00:00+01:00
4529146,SA_0000001476,COUNTRY,ROU,EUR,YEAR,Europe,,,2000,,,,,DATASOURCE,DATASOURCE_SA_0000001476_ROU,3.8,3.8,,,,2018-10-25T13:07:10+02:00,2000,2000-01-01T00:00:00+01:00,2000-12-31T00:00:00+01:00,5289398,WHOSIS_000002,COUNTRY,YEAR,EUR,Europe,SEX,SEX_FMLE,2000,,,,,,,65.9,65.90732,,,,2020-12-04T17:02:58+01:00,2000-01-01T00:00:00+01:00,2000-12-31T00:00:00+01:00
4529146,SA_0000001476,COUNTRY,ROU,EUR,YEAR,Europe,,,2000,,,,,DATASOURCE,DATASOURCE_SA_0000001476_ROU,3.8,3.8,,,,2018-10-25T13:07:10+02:00,2000,2000-01-01T00:00:00+01:00,2000-12-31T00:00:00+01:00,5289387,WHOSIS_000002,COUNTRY,YEAR,EUR,Europe,SEX,SEX_MLE,2000,,,,,,,60.7,60.71832,,,,2020-12-04T17:02:58+01:00,2000-01-01T00:00:00+01:00,2000-12-31T00:00:00+01:00
4539191,SA_0000001476,COUNTRY,ARM,EUR,YEAR,Europe,,,2010,,,,,DATASOURCE,DATASOURCE_SA_0000001476_ARM,1.8,1.8,,,,2018-10-25T13:07:03+02:00,2010,2010-01-01T00:00:00+01:00,2010-12-31T00:00:00+01:00,5321404,WHOSIS_000002,COUNTRY,YEAR,EUR,Europe,SEX,SEX_FMLE,2010,,,,,,,67.2,67.18031,,,,2020-12-04T16:59:49+01:00,2010-01-01T00:00:00+01:00,2010-12-31T00:00:00+01:00
4539191,SA_0000001476,COUNTRY,ARM,EUR,YEAR,Europe,,,2010,,,,,DATASOURCE,DATASOURCE_SA_0000001476_ARM,1.8,1.8,,,,2018-10-25T13:07:03+02:00,2010,2010-01-01T00:00:00+01:00,2010-12-31T00:00:00+01:00,5321440,WHOSIS_000002,COUNTRY,YEAR,EUR,Europe,SEX,SEX_MLE,2010,,,,,,,62.4,62.36471,,,,2020-12-04T16:59:49+01:00,2010-01-01T00:00:00+01:00,2010-12-31T00:00:00+01:00
4539191,SA_0000001476,COUNTRY,ARM,EUR,YEAR,Europe,,,2010,,,,,DATASOURCE,DATASOURCE_SA_0000001476_ARM,1.8,1.8,,,,2018-10-25T13:07:03+02:00,2010,2010-01-01T00:00:00+01:00,2010-12-31T00:00:00+01:00,5321408,WHOSIS_000002,COUNTRY,YEAR,EUR,Europe,SEX,SEX_BTSX,2010,,,,,,,64.8,64.8445,,,,2020-12-04T16:59:50+01:00,2010-01-01T00:00:00+01:00,2010-12-31T00:00:00+01:00
4529134,SA_0000001476,COUNTRY,ISL,EUR,YEAR,Europe,,,2000,,,,,DATASOURCE,DATASOURCE_SA_0000001476_ISL,3.3,3.3,,,,2018-10-25T13:07:06+02:00,2000,2000-01-01T00:00:00+01:00,2000-12-31T00:00:00+01:00,5257515,WHOSIS_000002,COUNTRY,YEAR,EUR,Europe,SEX,SEX_FMLE,2000,,,,,,,70.3,70.33992,,,,2020-12-04T17:01:35+01:00,2000-01-01T00:00:00+01:00,2000-12-31T00:00:00+01:00
4529134,SA_0000001476,COUNTRY,ISL,EUR,YEAR,Europe,,,2000,,,,,DATASOURCE,DATASOURCE_SA_0000001476_ISL,3.3,3.3,,,,2018-10-25T13:07:06+02:00,2000,2000-01-01T00:00:00+01:00,2000-12-31T00:00:00+01:00,5257514,WHOSIS_000002,COUNTRY,YEAR,EUR,Europe,SEX,SEX_BTSX,2000,,,,,,,69.8,69.82331,,,,2020-12-04T17:01:35+01:00,2000-01-01T00:00:00+01:00,2000-12-31T00:00:00+01:00
4529134,SA_0000001476,COUNTRY,ISL,EUR,YEAR,Europe,,,2000,,,,,DATASOURCE,DATASOURCE_SA_0000001476_ISL,3.3,3.3,,,,2018-10-25T13:07:06+02:00,2000,2000-01-01T00:00:00+01:00,2000-12-31T00:00:00+01:00,5257500,WHOSIS_000002,COUNTRY,YEAR,EUR,Europe,SEX,SEX_MLE,2000,,,,,,,69.3,69.2776,,,,2020-12-04T17:01:34+01:00,2000-01-01T00:00:00+01:00,2000-12-31T00:00:00+01:00
4539193,SA_0000001476,COUNTRY,BLR,EUR,YEAR,Europe,,,2010,,,,,DATASOURCE,DATASOURCE_SA_0000001476_BLR,2.2,2.2,,,,2018-10-25T13:07:04+02:00,2010,2010-01-01T00:00:00+01:00,2010-12-31T00:00:00+01:00,5321450,WHOSIS_000002,COUNTRY,YEAR,EUR,Europe,SEX,SEX_BTSX,2010,,,,,,,62.3,62.25875,,,,2020-12-04T17:00:09+01:00,2010-01-01T00:00:00+01:00,2010-12-31T00:00:00+01:00
4539193,SA_0000001476,COUNTRY,BLR,EUR,YEAR,Europe,,,2010,,,,,DATASOURCE,DATASOURCE_SA_0000001476_BLR,2.2,2.2,,,,2018-10-25T13:07:04+02:00,2010,2010-01-01T00:00:00+01:00,2010-12-31T00:00:00+01:00,5321512,WHOSIS_000002,COUNTRY,YEAR,EUR,Europe,SEX,SEX_FMLE,2010,,,,,,,66.7,66.74391,,,,2020-12-04T17:00:09+01:00,2010-01-01T00:00:00+01:00,2010-12-31T00:00:00+01:00
4539193,SA_0000001476,COUNTRY,BLR,EUR,YEAR,Europe,,,2010,,,,,DATASOURCE,DATASOURCE_SA_0000001476_BLR,2.2,2.2,,,,2018-10-25T13:07:04+02:00,2010,2010-01-01T00:00:00+01:00,2010-12-31T00:00:00+01:00,5321470,WHOSIS_000002,COUNTRY,YEAR,EUR,Europe,SEX,SEX_MLE,2010,,,,,,,57.9,57.90538,,,,2020-12-04T17:00:08+01:00,2010-01-01T00:00:00+01:00,2010-12-31T00:00:00+01:00
4539113,SA_0000001476,COUNTRY,BLR,EUR,YEAR,Europe,,,2000,,,,,DATASOURCE,DATASOURCE_SA_0000001476_BLR,3.5,3.5,,,,2018-10-25T13:07:07+02:00,2000,2000-01-01T00:00:00+01:00,2000-12-31T00:00:00+01:00,5256513,WHOSIS_000002,COUNTRY,YEAR,EUR,Europe,SEX,SEX_MLE,2000,,,,,,,56.6,56.6286,,,,2020-12-04T17:00:08+01:00,2000-01-01T00:00:00+01:00,2000-12-31T00:00:00+01:00
4539113,SA_0000001476,COUNTRY,BLR,EUR,YEAR,Europe,,,2000,,,,,DATASOURCE,DATASOURCE_SA_0000001476_BLR,3.5,3.5,,,,2018-10-25T13:07:07+02:00,2000,2000-01-01T00:00:00+01:00,2000-12-31T00:00:00+01:00,5224459,WHOSIS_000002,COUNTRY,YEAR,EUR,Europe,SEX,SEX_BTSX,2000,,,,,,,60.8,60.82161,,,,2020-12-04T17:00:09+01:00,2000-01-01T00:00:00+01:00,2000-12-31T00:00:00+01:00
4539113,SA_0000001476,COUNTRY,BLR,EUR,YEAR,Europe,,,2000,,,,,DATASOURCE,DATASOURCE_SA_0000001476_BLR,3.5,3.5,,,,2018-10-25T13:07:07+02:00,2000,2000-01-01T00:00:00+01:00,2000-12-31T00:00:00+01:00,5256506,WHOSIS_000002,COUNTRY,YEAR,EUR,Europe,SEX,SEX_FMLE,2000,,,,,,,65.2,65.15917,,,,2020-12-04T17:00:09+01:00,2000-01-01T00:00:00+01:00,2000-12-31T00:00:00+01:00
4539194,SA_0000001476,COUNTRY,DNK,EUR,YEAR,Europe,,,2010,,,,,DATASOURCE,DATASOURCE_SA_0000001476_DNK,1.6,1.6,,,,2018-10-25T13:07:07+02:00,2010,2010-01-01T00:00:00+01:00,2010-12-31T00:00:00+01:00,5322834,WHOSIS_000002,COUNTRY,YEAR,EUR,Europe,SEX,SEX_BTSX,2010,,,,,,,69.4,69.41515,,,,2020-12-04T17:00:47+01:00,2010-01-01T00:00:00+01:00,2010-12-31T00:00:00+01:00
4539194,SA_0000001476,COUNTRY,DNK,EUR,YEAR,Europe,,,2010,,,,,DATASOURCE,DATASOURCE_SA_0000001476_DNK,1.6,1.6,,,,2018-10-25T13:07:07+02:00,2010,2010-01-01T00:00:00+01:00,2010-12-31T00:00:00+01:00,5322835,WHOSIS_000002,COUNTRY,YEAR,EUR,Europe,SEX,SEX_MLE,2010,,,,,,,68.8,68.77981,,,,2020-12-04T17:00:46+01:00,2010-01-01T00:00:00+01:00,2010-12-31T00:00:00+01:00
4539194,SA_0000001476,COUNTRY,DNK,EUR,YEAR,Europe,,,2010,,,,,DATASOURCE,DATASOURCE_SA_0000001476_DNK,1.6,1.6,,,,2018-10-25T13:07:07+02:00,2010,2010-01-01T00:00:00+01:00,2010-12-31T00:00:00+01:00,5321481,WHOSIS_000002,COUNTRY,YEAR,EUR,Europe,SEX,SEX_FMLE,2010,,,,,,,70.0,70.02374,,,,2020-12-04T17:00:46+01:00,2010-01-01T00:00:00+01:00,2010-12-31T00:00:00+01:00
4529300,SA_0000001476,COUNTRY,CZE,EUR,YEAR,Europe,,,2010,,,,,DATASOURCE,DATASOURCE_SA_0000001476_CZE,1.1,1.1,,,,2018-10-25T13:07:08+02:00,2010,2010-01-01T00:00:00+01:00,2010-12-31T00:00:00+01:00,5322831,WHOSIS_000002,COUNTRY,YEAR,EUR,Europe,SEX,SEX_FMLE,2010,,,,,,,69.9,69.86087,,,,2020-12-04T17:00:41+01:00,2010-01-01T00:00:00+01:00,2010-12-31T00:00:00+01:00
4529300,SA_0000001476,COUNTRY,CZE,EUR,YEAR,Europe,,,2010,,,,,DATASOURCE,DATASOURCE_SA_0000001476_CZE,1.1,1.1,,,,2018-10-25T13:07:08+02:00,2010,2010-01-01T00:00:00+01:00,2010-12-31T00:00:00+01:00,5321505,WHOSIS_000002,COUNTRY,YEAR,EUR,Europe,SEX,SEX_MLE,2010,,,,,,,65.6,65.57121,,,,2020-12-04T17:00:41+01:00,2010-01-01T00:00:00+01:00,2010-12-31T00:00:00+01:00
4529300,SA_0000001476,COUNTRY,CZE,EUR,YEAR,Europe,,,2010,,,,,DATASOURCE,DATASOURCE_SA_0000001476_CZE,1.1,1.1,,,,2018-10-25T13:07:08+02:00,2010,2010-01-01T00:00:00+01:00,2010-12-31T00:00:00+01:00,5321478,WHOSIS_000002,COUNTRY,YEAR,EUR,Europe,SEX,SEX_BTSX,2010,,,,,,,67.7,67.74052,,,,2020-12-04T17:00:42+01:00,2010-01-01T00:00:00+01:00,2010-12-31T00:00:00+01:00
4548488,SA_0000001476,COUNTRY,AZE,EUR,YEAR,Europe,,,2010,,,,,DATASOURCE,DATASOURCE_SA_0000001476_AZE,0.5,0.5,,,,2018-10-25T13:07:00+02:00,2010,2010-01-01T00:00:00+01:00,2010-12-31T00:00:00+01:00,5321412,WHOSIS_000002,COUNTRY,YEAR,EUR,Europe,SEX,SEX_MLE,2010,,,,,,,60.1,60.06379,,,,2020-12-04T16:59:54+01:00,2010-01-01T00:00:00+01:00,2010-12-31T00:00:00+01:00
4548488,SA_0000001476,COUNTRY,AZE,EUR,YEAR,Europe,,,2010,,,,,DATASOURCE,DATASOURCE_SA_0000001476_AZE,0.5,0.5,,,,2018-10-25T13:07:00+02:00,2010,2010-01-01T00:00:00+01:00,2010-12-31T00:00:00+01:00,5321497,WHOSIS_000002,COUNTRY,YEAR,EUR,Europe,SEX,SEX_BTSX,2010,,,,,,,61.7,61.70727,,,,2020-12-04T16:59:55+01:00,2010-01-01T00:00:00+01:00,2010-12-31T00:00:00+01:00
4548488,SA_0000001476,COUNTRY,AZE,EUR,YEAR,Europe,,,2010,,,,,DATASOURCE,DATASOURCE_SA_0000001476_AZE,0.5,0.5,,,,2018-10-25T13:07:00+02:00,2010,2010-01-01T00:00:00+01:00,2010-12-31T00:00:00+01:00,5321411,WHOSIS_000002,COUNTRY,YEAR,EUR,Europe,SEX,SEX_FMLE,2010,,,,,,,63.4,63.40581,,,,2020-12-04T16:59:55+01:00,2010-01-01T00:00:00+01:00,2010-12-31T00:00:00+01:00
4539095,SA_0000001476,COUNTRY,CAN,AMR,YEAR,Americas,,,2015,,,,,DATASOURCE,DATASOURCE_SA_0000001476_CAN,1.2,1.2,,,,2018-10-25T13:07:10+02:00,2015,2015-01-01T00:00:00+01:00,2015-12-31T00:00:00+01:00,5389400,WHOSIS_000002,COUNTRY,YEAR,AMR,Americas,SEX,SEX_BTSX,2015,,,,,,,71.1,71.14542,,,,2020-12-04T17:00:22+01:00,2015-01-01T00:00:00+01:00,2015-12-31T00:00:00+01:00
4539095,SA_0000001476,COUNTRY,CAN,AMR,YEAR,Americas,,,2015,,,,,DATASOURCE,DATASOURCE_SA_0000001476_CAN,1.2,1.2,,,,2018-10-25T13:07:10+02:00,2015,2015-01-01T00:00:00+01:00,2015-12-31T00:00:00+01:00,5389478,WHOSIS_000002,COUNTRY,YEAR,AMR,Americas,SEX,SEX_FMLE,2015,,,,,,,71.8,71.84573,,,,2020-12-04T17:00:22+01:00,2015-01-01T00:00:00+01:00,2015-12-31T00:00:00+01:00
4539095,SA_0000001476,COUNTRY,CAN,AMR,YEAR,Americas,,,2015,,,,,DATASOURCE,DATASOURCE_SA_0000001476_CAN,1.2,1.2,,,,2018-10-25T13:07:10+02:00,2015,2015-01-01T00:00:00+01:00,2015-12-31T00:00:00+01:00,5389369,WHOSIS_000002,COUNTRY,YEAR,AMR,Americas,SEX,SEX_MLE,2015,,,,,,,70.4,70.41322,,,,2020-12-04T17:00:21+01:00,2015-01-01T00:00:00+01:00,2015-12-31T00:00:00+01:00
4529302,SA_0000001476,COUNTRY,HRV,EUR,YEAR,Europe,,,2010,,,,,DATASOURCE,DATASOURCE_SA_0000001476_HRV,1.5,1.5,,,,2018-10-25T13:07:00+02:00,2010,2010-01-01T00:00:00+01:00,2010-12-31T00:00:00+01:00,5356087,WHOSIS_000002,COUNTRY,YEAR,EUR,Europe,SEX,SEX_FMLE,2010,,,,,,,69.4,69.44032,,,,2020-12-04T17:01:23+01:00,2010-01-01T00:00:00+01:00,2010-12-31T00:00:00+01:00
4529302,SA_0000001476,COUNTRY,HRV,EUR,YEAR,Europe,,,2010,,,,,DATASOURCE,DATASOURCE_SA_0000001476_HRV,1.5,1.5,,,,2018-10-25T13:07:00+02:00,2010,2010-01-01T00:00:00+01:00,2010-12-31T00:00:00+01:00,5322891,WHOSIS_000002,COUNTRY,YEAR,EUR,Europe,SEX,SEX_BTSX,2010,,,,,,,67.3,67.30939,,,,2020-12-04T17:01:24+01:00,2010-01-01T00:00:00+01:00,2010-12-31T00:00:00+01:00
4529302,SA_0000001476,COUNTRY,HRV,EUR,YEAR,Europe,,,2010,,,,,DATASOURCE,DATASOURCE_SA_0000001476_HRV,1.5,1.5,,,,2018-10-25T13:07:00+02:00,2010,2010-01-01T00:00:00+01:00,2010-12-31T00:00:00+01:00,5356088,WHOSIS_000002,COUNTRY,YEAR,EUR,Europe,SEX,SEX_MLE,2010,,,,,,,65.1,65.09979,,,,2020-12-04T17:01:23+01:00,2010-01-01T00:00:00+01:00,2010-12-31T00:00:00+01:00
4539526,SA_0000001476,COUNTRY,AUT,EUR,YEAR,Europe,,,2015,,,,,DATASOURCE,DATASOURCE_SA_0000001476_AUT,1.4,1.4,,,,2018-10-25T13:07:07+02:00,2015,2015-01-01T00:00:00+01:00,2015-12-31T00:00:00+01:00,5389389,WHOSIS_000002,COUNTRY,YEAR,EUR,Europe,SEX,SEX_MLE,2015,,,,,,,69.2,69.16929,,,,2020-12-04T16:59:53+01:00,2015-01-01T00:00:00+01:00,2015-12-31T00:00:00+01:00
4539526,SA_0000001476,COUNTRY,AUT,EUR,YEAR,Europe,,,2015,,,,,DATASOURCE,DATASOURCE_SA_0000001476_AUT,1.4,1.4,,,,2018-10-25T13:07:07+02:00,2015,2015-01-01T00:00:00+01:00,2015-12-31T00:00:00+01:00,5389388,WHOSIS_000002,COUNTRY,YEAR,EUR,Europe,SEX,SEX_BTSX,2015,,,,,,,70.4,70.39115,,,,2020-12-04T16:59:54+01:00,2015-01-01T00:00:00+01:00,2015-12-31T00:00:00+01:00
4539526,SA_0000001476,COUNTRY,AUT,EUR,YEAR,Europe,,,2015,,,,,DATASOURCE,DATASOURCE_SA_0000001476_AUT,1.4,1.4,,,,2018-10-25T13:07:07+02:00,2015,2015-01-01T00:00:00+01:00,2015-12-31T00:00:00+01:00,5389317,WHOSIS_000002,COUNTRY,YEAR,EUR,Europe,SEX,SEX_FMLE,2015,,,,,,,71.6,71.56104,,,,2020-12-04T16:59:53+01:00,2015-01-01T00:00:00+01:00,2015-12-31T00:00:00+01:00
4539104,SA_0000001476,COUNTRY,NZL,WPR,YEAR,Western Pacific,,,2015,,,,,DATASOURCE,DATASOURCE_SA_0000001476_NZL,1.7,1.7,,,,2018-10-25T13:07:03+02:00,2015,2015-01-01T00:00:00+01:00,2015-12-31T00:00:00+01:00,5422811,WHOSIS_000002,COUNTRY,YEAR,WPR,Western Pacific,SEX,SEX_BTSX,2015,,,,,,,69.9,69.89139,,,,2020-12-04T17:02:42+01:00,2015-01-01T00:00:00+01:00,2015-12-31T00:00:00+01:00
4539104,SA_0000001476,COUNTRY,NZL,WPR,YEAR,Western Pacific,,,2015,,,,,DATASOURCE,DATASOURCE_SA_0000001476_NZL,1.7,1.7,,,,2018-10-25T13:07:03+02:00,2015,2015-01-01T00:00:00+01:00,2015-12-31T00:00:00+01:00,5422865,WHOSIS_000002,COUNTRY,YEAR,WPR,Western Pacific,SEX,SEX_MLE,2015,,,,,,,69.3,69.26366,,,,2020-12-04T17:02:41+01:00,2015-01-01T00:00:00+01:00,2015-12-31T00:00:00+01:00
4539104,SA_0000001476,COUNTRY,NZL,WPR,YEAR,Western Pacific,,,2015,,,,,DATASOURCE,DATASOURCE_SA_0000001476_NZL,1.7,1.7,,,,2018-10-25T13:07:03+02:00,2015,2015-01-01T00:00:00+01:00,2015-12-31T00:00:00+01:00,5422849,WHOSIS_000002,COUNTRY,YEAR,WPR,Western Pacific,SEX,SEX_FMLE,2015,,,,,,,70.5,70.5162,,,,2020-12-04T17:02:42+01:00,2015-01-01T00:00:00+01:00,2015-12-31T00:00:00+01:00
4529145,SA_0000001476,COUNTRY,JPN,WPR,YEAR,Western Pacific,,,2000,,,,,DATASOURCE,DATASOURCE_SA_0000001476_JPN,1.2,1.2,,,,2018-10-25T13:07:06+02:00,2000,2000-01-01T00:00:00+01:00,2000-12-31T00:00:00+01:00,5257516,WHOSIS_000002,COUNTRY,YEAR,WPR,Western Pacific,SEX,SEX_FMLE,2000,,,,,,,73.5,73.54464,,,,2020-12-04T17:01:42+01:00,2000-01-01T00:00:00+01:00,2000-12-31T00:00:00+01:00
4529145,SA_0000001476,COUNTRY,JPN,WPR,YEAR,Western Pacific,,,2000,,,,,DATASOURCE,DATASOURCE_SA_0000001476_JPN,1.2,1.2,,,,2018-10-25T13:07:06+02:00,2000,2000-01-01T00:00:00+01:00,2000-12-31T00:00:00+01:00,5257494,WHOSIS_000002,COUNTRY,YEAR,WPR,Western Pacific,SEX,SEX_MLE,2000,,,,,,,69.5,69.46229,,,,2020-12-04T17:01:41+01:00,2000-01-01T00:00:00+01:00,2000-12-31T00:00:00+01:00
4529145,SA_0000001476,COUNTRY,JPN,WPR,YEAR,Western Pacific,,,2000,,,,,DATASOURCE,DATASOURCE_SA_0000001476_JPN,1.2,1.2,,,,2018-10-25T13:07:06+02:00,2000,2000-01-01T00:00:00+01:00,2000-12-31T00:00:00+01:00,5257454,WHOSIS_000002,COUNTRY,YEAR,WPR,Western Pacific,SEX,SEX_BTSX,2000,,,,,,,71.6,71.57782,,,,2020-12-04T17:01:42+01:00,2000-01-01T00:00:00+01:00,2000-12-31T00:00:00+01:00
4539201,SA_0000001476,COUNTRY,MKD,EUR,YEAR,Europe,,,2010,,,,,DATASOURCE,DATASOURCE_SA_0000001476_MKD,1.8,1.8,,,,2018-10-25T13:07:02+02:00,2010,2010-01-01T00:00:00+01:00,2010-12-31T00:00:00+01:00,5356143,WHOSIS_000002,COUNTRY,YEAR,EUR,Europe,SEX,SEX_BTSX,2010,,,,,,,64.9,64.8573,,,,2020-12-04T17:02:16+01:00,2010-01-01T00:00:00+01:00,2010-12-31T00:00:00+01:00
4539201,SA_0000001476,COUNTRY,MKD,EUR,YEAR,Europe,,,2010,,,,,DATASOURCE,DATASOURCE_SA_0000001476_MKD,1.8,1.8,,,,2018-10-25T13:07:02+02:00,2010,2010-01-01T00:00:00+01:00,2010-12-31T00:00:00+01:00,5356182,WHOSIS_000002,COUNTRY,YEAR,EUR,Europe,SEX,SEX_FMLE,2010,,,,,,,66.2,66.21347,,,,2020-12-04T17:02:15+01:00,2010-01-01T00:00:00+01:00,2010-12-31T00:00:00+01:00
4539201,SA_0000001476,COUNTRY,MKD,EUR,YEAR,Europe,,,2010,,,,,DATASOURCE,DATASOURCE_SA_0000001476_MKD,1.8,1.8,,,,2018-10-25T13:07:02+02:00,2010,2010-01-01T00:00:00+01:00,2010-12-31T00:00:00+01:00,5356214,WHOSIS_000002,COUNTRY,YEAR,EUR,Europe,SEX,SEX_MLE,2010,,,,,,,63.6,63.56225,,,,2020-12-04T17:02:15+01:00,2010-01-01T00:00:00+01:00,2010-12-31T00:00:00+01:00
4548523,SA_0000001476,COUNTRY,IRL,EUR,YEAR,Europe,,,2015,,,,,DATASOURCE,DATASOURCE_SA_0000001476_IRL,2.5,2.5,,,,2018-10-25T13:07:04+02:00,2015,2015-01-01T00:00:00+01:00,2015-12-31T00:00:00+01:00,5422672,WHOSIS_000002,COUNTRY,YEAR,EUR,Europe,SEX,SEX_FMLE,2015,,,,,,,71.2,71.16127,,,,2020-12-04T17:01:31+01:00,2015-01-01T00:00:00+01:00,2015-12-31T00:00:00+01:00
4548523,SA_0000001476,COUNTRY,IRL,EUR,YEAR,Europe,,,2015,,,,,DATASOURCE,DATASOURCE_SA_0000001476_IRL,2.5,2.5,,,,2018-10-25T13:07:04+02:00,2015,2015-01-01T00:00:00+01:00,2015-12-31T00:00:00+01:00,5422667,WHOSIS_000002,COUNTRY,YEAR,EUR,Europe,SEX,SEX_MLE,2015,,,,,,,70.2,70.15884,,,,2020-12-04T17:01:30+01:00,2015-01-01T00:00:00+01:00,2015-12-31T00:00:00+01:00
4548523,SA_0000001476,COUNTRY,IRL,EUR,YEAR,Europe,,,2015,,,,,DATASOURCE,DATASOURCE_SA_0000001476_IRL,2.5,2.5,,,,2018-10-25T13:07:04+02:00,2015,2015-01-01T00:00:00+01:00,2015-12-31T00:00:00+01:00,5422700,WHOSIS_000002,COUNTRY,YEAR,EUR,Europe,SEX,SEX_BTSX,2015,,,,,,,70.7,70.66066,,,,2020-12-04T17:01:31+01:00,2015-01-01T00:00:00+01:00,2015-12-31T00:00:00+01:00
4548527,SA_0000001476,COUNTRY,UKR,EUR,YEAR,Europe,,,2015,,,,,DATASOURCE,DATASOURCE_SA_0000001476_UKR,1.3,1.3,,,,2018-10-25T13:07:04+02:00,2015,2015-01-01T00:00:00+01:00,2015-12-31T00:00:00+01:00,5456156,WHOSIS_000002,COUNTRY,YEAR,EUR,Europe,SEX,SEX_BTSX,2015,,,,,,,63.8,63.78681,,,,2020-12-04T17:03:42+01:00,2015-01-01T00:00:00+01:00,2015-12-31T00:00:00+01:00
4548527,SA_0000001476,COUNTRY,UKR,EUR,YEAR,Europe,,,2015,,,,,DATASOURCE,DATASOURCE_SA_0000001476_UKR,1.3,1.3,,,,2018-10-25T13:07:04+02:00,2015,2015-01-01T00:00:00+01:00,2015-12-31T00:00:00+01:00,5456510,WHOSIS_000002,COUNTRY,YEAR,EUR,Europe,SEX,SEX_FMLE,2015,,,,,,,67.3,67.3017,,,,2020-12-04T17:03:41+01:00,2015-01-01T00:00:00+01:00,2015-12-31T00:00:00+01:00
4548527,SA_0000001476,COUNTRY,UKR,EUR,YEAR,Europe,,,2015,,,,,DATASOURCE,DATASOURCE_SA_0000001476_UKR,1.3,1.3,,,,2018-10-25T13:07:04+02:00,2015,2015-01-01T00:00:00+01:00,2015-12-31T00:00:00+01:00,5456141,WHOSIS_000002,COUNTRY,YEAR,EUR,Europe,SEX,SEX_MLE,2015,,,,,,,60.1,60.09502,,,,2020-12-04T17:03:41+01:00,2015-01-01T00:00:00+01:00,2015-12-31T00:00:00+01:00
4539209,SA_0000001476,COUNTRY,SVN,EUR,YEAR,Europe,,,2010,,,,,DATASOURCE,DATASOURCE_SA_0000001476_SVN,1,1.0,,,,2018-10-25T13:07:06+02:00,2010,2010-01-01T00:00:00+01:00,2010-12-31T00:00:00+01:00,5356285,WHOSIS_000002,COUNTRY,YEAR,EUR,Europe,SEX,SEX_MLE,2010,,,,,,,67.0,66.95734,,,,2020-12-04T17:03:19+01:00,2010-01-01T00:00:00+01:00,2010-12-31T00:00:00+01:00
4539209,SA_0000001476,COUNTRY,SVN,EUR,YEAR,Europe,,,2010,,,,,DATASOURCE,DATASOURCE_SA_0000001476_SVN,1,1.0,,,,2018-10-25T13:07:06+02:00,2010,2010-01-01T00:00:00+01:00,2010-12-31T00:00:00+01:00,5356316,WHOSIS_000002,COUNTRY,YEAR,EUR,Europe,SEX,SEX_BTSX,2010,,,,,,,69.2,69.23055,,,,2020-12-04T17:03:20+01:00,2010-01-01T00:00:00+01:00,2010-12-31T00:00:00+01:00
4539209,SA_0000001476,COUNTRY,SVN,EUR,YEAR,Europe,,,2010,,,,,DATASOURCE,DATASOURCE_SA_0000001476_SVN,1,1.0,,,,2018-10-25T13:07:06+02:00,2010,2010-01-01T00:00:00+01:00,2010-12-31T00:00:00+01:00,5356284,WHOSIS_000002,COUNTRY,YEAR,EUR,Europe,SEX,SEX_FMLE,2010,,,,,,,71.4,71.41251,,,,2020-12-04T17:03:19+01:00,2010-01-01T00:00:00+01:00,2010-12-31T00:00:00+01:00
4539199,SA_0000001476,COUNTRY,ETH,AFR,YEAR,Africa,,,2010,,,,,DATASOURCE,DATASOURCE_SA_0000001476_ETH,3.6,3.6,,,,2018-10-25T13:07:00+02:00,2010,2010-01-01T00:00:00+01:00,2010-12-31T00:00:00+01:00,5322902,WHOSIS_000002,COUNTRY,YEAR,AFR,Africa,SEX,SEX_MLE,2010,,,,,,,54.2,54.17543,,,,2020-12-04T17:00:56+01:00,2010-01-01T00:00:00+01:00,2010-12-31T00:00:00+01:00
4539199,SA_0000001476,COUNTRY,ETH,AFR,YEAR,Africa,,,2010,,,,,DATASOURCE,DATASOURCE_SA_0000001476_ETH,3.6,3.6,,,,2018-10-25T13:07:00+02:00,2010,2010-01-01T00:00:00+01:00,2010-12-31T00:00:00+01:00,5322854,WHOSIS_000002,COUNTRY,YEAR,AFR,Africa,SEX,SEX_FMLE,2010,,,,,,,55.8,55.76558,,,,2020-12-04T17:00:57+01:00,2010-01-01T00:00:00+01:00,2010-12-31T00:00:00+01:00
4539199,SA_0000001476,COUNTRY,ETH,AFR,YEAR,Africa,,,2010,,,,,DATASOURCE,DATASOURCE_SA_0000001476_ETH,3.6,3.6,,,,2018-10-25T13:07:00+02:00,2010,2010-01-01T00:00:00+01:00,2010-12-31T00:00:00+01:00,5322853,WHOSIS_000002,COUNTRY,YEAR,AFR,Africa,SEX,SEX_BTSX,2010,,,,,,,55.0,54.9553,,,,2020-12-04T17:00:57+01:00,2010-01-01T00:00:00+01:00,2010-12-31T00:00:00+01:00
4548519,SA_0000001476,COUNTRY,AZE,EUR,YEAR,Europe,,,2015,,,,,DATASOURCE,DATASOURCE_SA_0000001476_AZE,0.5,0.5,,,,2018-10-25T13:07:01+02:00,2015,2015-01-01T00:00:00+01:00,2015-12-31T00:00:00+01:00,5389408,WHOSIS_000002,COUNTRY,YEAR,EUR,Europe,SEX,SEX_BTSX,2015,,,,,,,63.1,63.09249,,,,2020-12-04T16:59:55+01:00,2015-01-01T00:00:00+01:00,2015-12-31T00:00:00+01:00
4548519,SA_0000001476,COUNTRY,AZE,EUR,YEAR,Europe,,,2015,,,,,DATASOURCE,DATASOURCE_SA_0000001476_AZE,0.5,0.5,,,,2018-10-25T13:07:01+02:00,2015,2015-01-01T00:00:00+01:00,2015-12-31T00:00:00+01:00,5389390,WHOSIS_000002,COUNTRY,YEAR,EUR,Europe,SEX,SEX_MLE,2015,,,,,,,61.5,61.49538,,,,2020-12-04T16:59:54+01:00,2015-01-01T00:00:00+01:00,2015-12-31T00:00:00+01:00
4548519,SA_0000001476,COUNTRY,AZE,EUR,YEAR,Europe,,,2015,,,,,DATASOURCE,DATASOURCE_SA_0000001476_AZE,0.5,0.5,,,,2018-10-25T13:07:01+02:00,2015,2015-01-01T00:00:00+01:00,2015-12-31T00:00:00+01:00,5389318,WHOSIS_000002,COUNTRY,YEAR,EUR,Europe,SEX,SEX_FMLE,2015,,,,,,,64.7,64.71699,,,,2020-12-04T16:59:55+01:00,2015-01-01T00:00:00+01:00,2015-12-31T00:00:00+01:00
4548489,SA_0000001476,COUNTRY,CAN,AMR,YEAR,Americas,,,2010,,,,,DATASOURCE,DATASOURCE_SA_0000001476_CAN,2,2.0,,,,2018-10-25T13:07:01+02:00,2010,2010-01-01T00:00:00+01:00,2010-12-31T00:00:00+01:00,5321517,WHOSIS_000002,COUNTRY,YEAR,AMR,Americas,SEX,SEX_BTSX,2010,,,,,,,70.8,70.83508,,,,2020-12-04T17:00:22+01:00,2010-01-01T00:00:00+01:00,2010-12-31T00:00:00+01:00
4548489,SA_0000001476,COUNTRY,CAN,AMR,YEAR,Americas,,,2010,,,,,DATASOURCE,DATASOURCE_SA_0000001476_CAN,2,2.0,,,,2018-10-25T13:07:01+02:00,2010,2010-01-01T00:00:00+01:00,2010-12-31T00:00:00+01:00,5322816,WHOSIS_000002,COUNTRY,YEAR,AMR,Americas,SEX,SEX_FMLE,2010,,,,,,,71.7,71.69492,,,,2020-12-04T17:00:22+01:00,2010-01-01T00:00:00+01:00,2010-12-31T00:00:00+01:00
4548489,SA_0000001476,COUNTRY,CAN,AMR,YEAR,Americas,,,2010,,,,,DATASOURCE,DATASOURCE_SA_0000001476_CAN,2,2.0,,,,2018-10-25T13:07:01+02:00,2010,2010-01-01T00:00:00+01:00,2010-12-31T00:00:00+01:00,5322817,WHOSIS_000002,COUNTRY,YEAR,AMR,Americas,SEX,SEX_MLE,2010,,,,,,,69.9,69.92245,,,,2020-12-04T17:00:21+01:00,2010-01-01T00:00:00+01:00,2010-12-31T00:00:00+01:00
4539211,SA_0000001476,COUNTRY,TJK,EUR,YEAR,Europe,,,2010,,,,,DATASOURCE,DATASOURCE_SA_0000001476_TJK,0.1,0.1,,,,2018-10-25T13:07:10+02:00,2010,2010-01-01T00:00:00+01:00,2010-12-31T00:00:00+01:00,5389235,WHOSIS_000002,COUNTRY,YEAR,EUR,Europe,SEX,SEX_FMLE,2010,,,,,,,62.2,62.18836,,,,2020-12-04T17:03:30+01:00,2010-01-01T00:00:00+01:00,2010-12-31T00:00:00+01:00
4539211,SA_0000001476,COUNTRY,TJK,EUR,YEAR,Europe,,,2010,,,,,DATASOURCE,DATASOURCE_SA_0000001476_TJK,0.1,0.1,,,,2018-10-25T13:07:10+02:00,2010,2010-01-01T00:00:00+01:00,2010-12-31T00:00:00+01:00,5356297,WHOSIS_000002,COUNTRY,YEAR,EUR,Europe,SEX,SEX_MLE,2010,,,,,,,59.7,59.66931,,,,2020-12-04T17:03:29+01:00,2010-01-01T00:00:00+01:00,2010-12-31T00:00:00+01:00
4539211,SA_0000001476,COUNTRY,TJK,EUR,YEAR,Europe,,,2010,,,,,DATASOURCE,DATASOURCE_SA_0000001476_TJK,0.1,0.1,,,,2018-10-25T13:07:10+02:00,2010,2010-01-01T00:00:00+01:00,2010-12-31T00:00:00+01:00,5389234,WHOSIS_000002,COUNTRY,YEAR,EUR,Europe,SEX,SEX_BTSX,2010,,,,,,,60.9,60.85826,,,,2020-12-04T17:03:31+01:00,2010-01-01T00:00:00+01:00,2010-12-31T00:00:00+01:00
4548525,SA_0000001476,COUNTRY,RUS,EUR,YEAR,Europe,,,2015,,,,,DATASOURCE,DATASOURCE_SA_0000001476_RUS,1.8,1.8,,,,2018-10-25T13:07:08+02:00,2015,2015-01-01T00:00:00+01:00,2015-12-31T00:00:00+01:00,5422838,WHOSIS_000002,COUNTRY,YEAR,EUR,Europe,SEX,SEX_FMLE,2015,,,,,,,66.5,66.46303,,,,2020-12-04T17:03:00+01:00,2015-01-01T00:00:00+01:00,2015-12-31T00:00:00+01:00
4548525,SA_0000001476,COUNTRY,RUS,EUR,YEAR,Europe,,,2015,,,,,DATASOURCE,DATASOURCE_SA_0000001476_RUS,1.8,1.8,,,,2018-10-25T13:07:08+02:00,2015,2015-01-01T00:00:00+01:00,2015-12-31T00:00:00+01:00,5422868,WHOSIS_000002,COUNTRY,YEAR,EUR,Europe,SEX,SEX_MLE,2015,,,,,,,58.8,58.7691,,,,2020-12-04T17:02:59+01:00,2015-01-01T00:00:00+01:00,2015-12-31T00:00:00+01:00
4548525,SA_0000001476,COUNTRY,RUS,EUR,YEAR,Europe,,,2015,,,,,DATASOURCE,DATASOURCE_SA_0000001476_RUS,1.8,1.8,,,,2018-10-25T13:07:08+02:00,2015,2015-01-01T00:00:00+01:00,2015-12-31T00:00:00+01:00,5456060,WHOSIS_000002,COUNTRY,YEAR,EUR,Europe,SEX,SEX_BTSX,2015,,,,,,,62.7,62.67002,,,,2020-12-04T17:03:00+01:00,2015-01-01T00:00:00+01:00,2015-12-31T00:00:00+01:00
4548524,SA_0000001476,COUNTRY,ITA,EUR,YEAR,Europe,,,2015,,,,,DATASOURCE,DATASOURCE_SA_0000001476_ITA,1.6,1.6,,,,2018-10-25T13:07:03+02:00,2015,2015-01-01T00:00:00+01:00,2015-12-31T00:00:00+01:00,5422735,WHOSIS_000002,COUNTRY,YEAR,EUR,Europe,SEX,SEX_BTSX,2015,,,,,,,71.6,71.55554,,,,2020-12-04T17:01:38+01:00,2015-01-01T00:00:00+01:00,2015-12-31T00:00:00+01:00
4548524,SA_0000001476,COUNTRY,ITA,EUR,YEAR,Europe,,,2015,,,,,DATASOURCE,DATASOURCE_SA_0000001476_ITA,1.6,1.6,,,,2018-10-25T13:07:03+02:00,2015,2015-01-01T00:00:00+01:00,2015-12-31T00:00:00+01:00,5422704,WHOSIS_000002,COUNTRY,YEAR,EUR,Europe,SEX,SEX_MLE,2015,,,,,,,70.7,70.65452,,,,2020-12-04T17:01:37+01:00,2015-01-01T00:00:00+01:00,2015-12-31T00:00:00+01:00
4548524,SA_0000001476,COUNTRY,ITA,EUR,YEAR,Europe,,,2015,,,,,DATASOURCE,DATASOURCE_SA_0000001476_ITA,1.6,1.6,,,,2018-10-25T13:07:03+02:00,2015,2015-01-01T00:00:00+01:00,2015-12-31T00:00:00+01:00,5422675,WHOSIS_000002,COUNTRY,YEAR,EUR,Europe,SEX,SEX_FMLE,2015,,,,,,,72.4,72.36314,,,,2020-12-04T17:01:38+01:00,2015-01-01T00:00:00+01:00,2015-12-31T00:00:00+01:00
4548522,SA_0000001476,COUNTRY,HUN,EUR,YEAR,Europe,,,2015,,,,,DATASOURCE,DATASOURCE_SA_0000001476_HUN,2.9,2.9,,,,2018-10-25T13:07:06+02:00,2015,2015-01-01T00:00:00+01:00,2015-12-31T00:00:00+01:00,5422699,WHOSIS_000002,COUNTRY,YEAR,EUR,Europe,SEX,SEX_FMLE,2015,,,,,,,68.7,68.67419,,,,2020-12-04T17:01:26+01:00,2015-01-01T00:00:00+01:00,2015-12-31T00:00:00+01:00
4548522,SA_0000001476,COUNTRY,HUN,EUR,YEAR,Europe,,,2015,,,,,DATASOURCE,DATASOURCE_SA_0000001476_HUN,2.9,2.9,,,,2018-10-25T13:07:06+02:00,2015,2015-01-01T00:00:00+01:00,2015-12-31T00:00:00+01:00,5422729,WHOSIS_000002,COUNTRY,YEAR,EUR,Europe,SEX,SEX_BTSX,2015,,,,,,,66.6,66.60387,,,,2020-12-04T17:01:27+01:00,2015-01-01T00:00:00+01:00,2015-12-31T00:00:00+01:00
4548522,SA_0000001476,COUNTRY,HUN,EUR,YEAR,Europe,,,2015,,,,,DATASOURCE,DATASOURCE_SA_0000001476_HUN,2.9,2.9,,,,2018-10-25T13:07:06+02:00,2015,2015-01-01T00:00:00+01:00,2015-12-31T00:00:00+01:00,5422730,WHOSIS_000002,COUNTRY,YEAR,EUR,Europe,SEX,SEX_MLE,2015,,,,,,,64.3,64.34644,,,,2020-12-04T17:01:26+01:00,2015-01-01T00:00:00+01:00,2015-12-31T00:00:00+01:00
4539203,SA_0000001476,COUNTRY,NOR,EUR,YEAR,Europe,,,2010,,,,,DATASOURCE,DATASOURCE_SA_0000001476_NOR,2.1,2.1,,,,2018-10-25T13:07:05+02:00,2010,2010-01-01T00:00:00+01:00,2010-12-31T00:00:00+01:00,5356262,WHOSIS_000002,COUNTRY,YEAR,EUR,Europe,SEX,SEX_FMLE,2010,,,,,,,71.0,71.02988,,,,2020-12-04T17:02:39+01:00,2010-01-01T00:00:00+01:00,2010-12-31T00:00:00+01:00
4539203,SA_0000001476,COUNTRY,NOR,EUR,YEAR,Europe,,,2010,,,,,DATASOURCE,DATASOURCE_SA_0000001476_NOR,2.1,2.1,,,,2018-10-25T13:07:05+02:00,2010,2010-01-01T00:00:00+01:00,2010-12-31T00:00:00+01:00,5356200,WHOSIS_000002,COUNTRY,YEAR,EUR,Europe,SEX,SEX_MLE,2010,,,,,,,69.3,69.26863,,,,2020-12-04T17:02:38+01:00,2010-01-01T00:00:00+01:00,2010-12-31T00:00:00+01:00
4539203,SA_0000001476,COUNTRY,NOR,EUR,YEAR,Europe,,,2010,,,,,DATASOURCE,DATASOURCE_SA_0000001476_NOR,2.1,2.1,,,,2018-10-25T13:07:05+02:00,2010,2010-01-01T00:00:00+01:00,2010-12-31T00:00:00+01:00,5356220,WHOSIS_000002,COUNTRY,YEAR,EUR,Europe,SEX,SEX_BTSX,2010,,,,,,,70.2,70.17695,,,,2020-12-04T17:02:39+01:00,2010-01-01T00:00:00+01:00,2010-12-31T00:00:00+01:00
4539116,SA_0000001476,COUNTRY,GRC,EUR,YEAR,Europe,,,2000,,,,,DATASOURCE,DATASOURCE_SA_0000001476_GRC,0.9,0.9,,,,2018-10-25T13:07:01+02:00,2000,2000-01-01T00:00:00+01:00,2000-12-31T00:00:00+01:00,5257471,WHOSIS_000002,COUNTRY,YEAR,EUR,Europe,SEX,SEX_BTSX,2000,,,,,,,68.6,68.63454,,,,2020-12-04T17:01:17+01:00,2000-01-01T00:00:00+01:00,2000-12-31T00:00:00+01:00
4539116,SA_0000001476,COUNTRY,GRC,EUR,YEAR,Europe,,,2000,,,,,DATASOURCE,DATASOURCE_SA_0000001476_GRC,0.9,0.9,,,,2018-10-25T13:07:01+02:00,2000,2000-01-01T00:00:00+01:00,2000-12-31T00:00:00+01:00,5257446,WHOSIS_000002,COUNTRY,YEAR,EUR,Europe,SEX,SEX_FMLE,2000,,,,,,,69.8,69.8172,,,,2020-12-04T17:01:16+01:00,2000-01-01T00:00:00+01:00,2000-12-31T00:00:00+01:00
4539116,SA_0000001476,COUNTRY,GRC,EUR,YEAR,Europe,,,2000,,,,,DATASOURCE,DATASOURCE_SA_0000001476_GRC,0.9,0.9,,,,2018-10-25T13:07:01+02:00,2000,2000-01-01T00:00:00+01:00,2000-12-31T00:00:00+01:00,5256616,WHOSIS_000002,COUNTRY,YEAR,EUR,Europe,SEX,SEX_MLE,2000,,,,,,,67.5,67.46355,,,,2020-12-04T17:01:16+01:00,2000-01-01T00:00:00+01:00,2000-12-31T00:00:00+01:00
4548520,SA_0000001476,COUNTRY,CZE,EUR,YEAR,Europe,,,2015,,,,,DATASOURCE,DATASOURCE_SA_0000001476_CZE,1.2,1.2,,,,2018-10-25T13:07:11+02:00,2015,2015-01-01T00:00:00+01:00,2015-12-31T00:00:00+01:00,5422624,WHOSIS_000002,COUNTRY,YEAR,EUR,Europe,SEX,SEX_MLE,2015,,,,,,,66.4,66.36488,,,,2020-12-04T17:00:41+01:00,2015-01-01T00:00:00+01:00,2015-12-31T00:00:00+01:00
4548520,SA_0000001476,COUNTRY,CZE,EUR,YEAR,Europe,,,2015,,,,,DATASOURCE,DATASOURCE_SA_0000001476_CZE,1.2,1.2,,,,2018-10-25T13:07:11+02:00,2015,2015-01-01T00:00:00+01:00,2015-12-31T00:00:00+01:00,5389454,WHOSIS_000002,COUNTRY,YEAR,EUR,Europe,SEX,SEX_FMLE,2015,,,,,,,70.2,70.16754,,,,2020-12-04T17:00:41+01:00,2015-01-01T00:00:00+01:00,2015-12-31T00:00:00+01:00
4548520,SA_0000001476,COUNTRY,CZE,EUR,YEAR,Europe,,,2015,,,,,DATASOURCE,DATASOURCE_SA_0000001476_CZE,1.2,1.2,,,,2018-10-25T13:07:11+02:00,2015,2015-01-01T00:00:00+01:00,2015-12-31T00:00:00+01:00,5389439,WHOSIS_000002,COUNTRY,YEAR,EUR,Europe,SEX,SEX_BTSX,2015,,,,,,,68.3,68.2914,,,,2020-12-04T17:00:42+01:00,2015-01-01T00:00:00+01:00,2015-12-31T00:00:00+01:00
4539069,SA_0000001476,COUNTRY,RUS,EUR,YEAR,Europe,,,2010,,,,,DATASOURCE,DATASOURCE_SA_0000001476_RUS,1.7,1.7,,,,2018-10-25T13:07:03+02:00,2010,2010-01-01T00:00:00+01:00,2010-12-31T00:00:00+01:00,5356249,WHOSIS_000002,COUNTRY,YEAR,EUR,Europe,SEX,SEX_FMLE,2010,,,,,,,64.9,64.90265,,,,2020-12-04T17:03:00+01:00,2010-01-01T00:00:00+01:00,2010-12-31T00:00:00+01:00
4539069,SA_0000001476,COUNTRY,RUS,EUR,YEAR,Europe,,,2010,,,,,DATASOURCE,DATASOURCE_SA_0000001476_RUS,1.7,1.7,,,,2018-10-25T13:07:03+02:00,2010,2010-01-01T00:00:00+01:00,2010-12-31T00:00:00+01:00,5356253,WHOSIS_000002,COUNTRY,YEAR,EUR,Europe,SEX,SEX_MLE,2010,,,,,,,56.2,56.16372,,,,2020-12-04T17:02:59+01:00,2010-01-01T00:00:00+01:00,2010-12-31T00:00:00+01:00
4539069,SA_0000001476,COUNTRY,RUS,EUR,YEAR,Europe,,,2010,,,,,DATASOURCE,DATASOURCE_SA_0000001476_RUS,1.7,1.7,,,,2018-10-25T13:07:03+02:00,2010,2010-01-01T00:00:00+01:00,2010-12-31T00:00:00+01:00,5356252,WHOSIS_000002,COUNTRY,YEAR,EUR,Europe,SEX,SEX_BTSX,2010,,,,,,,60.5,60.4814,,,,2020-12-04T17:03:00+01:00,2010-01-01T00:00:00+01:00,2010-12-31T00:00:00+01:00
4539560,SA_0000001476,COUNTRY,EST,EUR,YEAR,Europe,,,2000,,,,,DATASOURCE,DATASOURCE_SA_0000001476_EST,2.1,2.1,,,,2018-10-25T13:07:11+02:00,2000,2000-01-01T00:00:00+01:00,2000-12-31T00:00:00+01:00,5256581,WHOSIS_000002,COUNTRY,YEAR,EUR,Europe,SEX,SEX_BTSX,2000,,,,,,,62.6,62.56221,,,,2020-12-04T17:00:56+01:00,2000-01-01T00:00:00+01:00,2000-12-31T00:00:00+01:00
4539560,SA_0000001476,COUNTRY,EST,EUR,YEAR,Europe,,,2000,,,,,DATASOURCE,DATASOURCE_SA_0000001476_EST,2.1,2.1,,,,2018-10-25T13:07:11+02:00,2000,2000-01-01T00:00:00+01:00,2000-12-31T00:00:00+01:00,5256582,WHOSIS_000002,COUNTRY,YEAR,EUR,Europe,SEX,SEX_FMLE,2000,,,,,,,66.5,66.49778,,,,2020-12-04T17:00:55+01:00,2000-01-01T00:00:00+01:00,2000-12-31T00:00:00+01:00
4539560,SA_0000001476,COUNTRY,EST,EUR,YEAR,Europe,,,2000,,,,,DATASOURCE,DATASOURCE_SA_0000001476_EST,2.1,2.1,,,,2018-10-25T13:07:11+02:00,2000,2000-01-01T00:00:00+01:00,2000-12-31T00:00:00+01:00,5256636,WHOSIS_000002,COUNTRY,YEAR,EUR,Europe,SEX,SEX_MLE,2000,,,,,,,58.5,58.54023,,,,2020-12-04T17:00:55+01:00,2000-01-01T00:00:00+01:00,2000-12-31T00:00:00+01:00
4548526,SA_0000001476,COUNTRY,SVN,EUR,YEAR,Europe,,,2015,,,,,DATASOURCE,DATASOURCE_SA_0000001476_SVN,1,1.0,,,,2018-10-25T13:07:11+02:00,2015,2015-01-01T00:00:00+01:00,2015-12-31T00:00:00+01:00,5456105,WHOSIS_000002,COUNTRY,YEAR,EUR,Europe,SEX,SEX_BTSX,2015,,,,,,,70.0,70.04212,,,,2020-12-04T17:03:20+01:00,2015-01-01T00:00:00+01:00,2015-12-31T00:00:00+01:00
4548526,SA_0000001476,COUNTRY,SVN,EUR,YEAR,Europe,,,2015,,,,,DATASOURCE,DATASOURCE_SA_0000001476_SVN,1,1.0,,,,2018-10-25T13:07:11+02:00,2015,2015-01-01T00:00:00+01:00,2015-12-31T00:00:00+01:00,5456096,WHOSIS_000002,COUNTRY,YEAR,EUR,Europe,SEX,SEX_FMLE,2015,,,,,,,71.9,71.91937,,,,2020-12-04T17:03:20+01:00,2015-01-01T00:00:00+01:00,2015-12-31T00:00:00+01:00
4548526,SA_0000001476,COUNTRY,SVN,EUR,YEAR,Europe,,,2015,,,,,DATASOURCE,DATASOURCE_SA_0000001476_SVN,1,1.0,,,,2018-10-25T13:07:11+02:00,2015,2015-01-01T00:00:00+01:00,2015-12-31T00:00:00+01:00,5456119,WHOSIS_000002,COUNTRY,YEAR,EUR,Europe,SEX,SEX_MLE,2015,,,,,,,68.1,68.12581,,,,2020-12-04T17:03:19+01:00,2015-01-01T00:00:00+01:00,2015-12-31T00:00:00+01:00
4548528,SA_0000001476,COUNTRY,ZAF,AFR,YEAR,Africa,,,2015,,,,,DATASOURCE,DATASOURCE_SA_0000001476_ZAF,0.5,0.5,,,,2018-10-25T13:07:06+02:00,2015,2015-01-01T00:00:00+01:00,2015-12-31T00:00:00+01:00,5456181,WHOSIS_000002,COUNTRY,YEAR,AFR,Africa,SEX,SEX_MLE,2015,,,,,,,52.7,52.7063,,,,2020-12-04T17:03:54+01:00,2015-01-01T00:00:00+01:00,2015-12-31T00:00:00+01:00
4548528,SA_0000001476,COUNTRY,ZAF,AFR,YEAR,Africa,,,2015,,,,,DATASOURCE,DATASOURCE_SA_0000001476_ZAF,0.5,0.5,,,,2018-10-25T13:07:06+02:00,2015,2015-01-01T00:00:00+01:00,2015-12-31T00:00:00+01:00,5456180,WHOSIS_000002,COUNTRY,YEAR,AFR,Africa,SEX,SEX_BTSX,2015,,,,,,,54.1,54.10827,,,,2020-12-04T17:03:55+01:00,2015-01-01T00:00:00+01:00,2015-12-31T00:00:00+01:00
4548528,SA_0000001476,COUNTRY,ZAF,AFR,YEAR,Africa,,,2015,,,,,DATASOURCE,DATASOURCE_SA_0000001476_ZAF,0.5,0.5,,,,2018-10-25T13:07:06+02:00,2015,2015-01-01T00:00:00+01:00,2015-12-31T00:00:00+01:00,5456154,WHOSIS_000002,COUNTRY,YEAR,AFR,Africa,SEX,SEX_FMLE,2015,,,,,,,55.5,55.5027,,,,2020-12-04T17:03:55+01:00,2015-01-01T00:00:00+01:00,2015-12-31T00:00:00+01:00
4529147,SA_0000001476,COUNTRY,RUS,EUR,YEAR,Europe,,,2000,,,,,DATASOURCE,DATASOURCE_SA_0000001476_RUS,2.5,2.5,,,,2018-10-25T13:07:05+02:00,2000,2000-01-01T00:00:00+01:00,2000-12-31T00:00:00+01:00,5289379,WHOSIS_000002,COUNTRY,YEAR,EUR,Europe,SEX,SEX_MLE,2000,,,,,,,52.4,52.42281,,,,2020-12-04T17:02:59+01:00,2000-01-01T00:00:00+01:00,2000-12-31T00:00:00+01:00
4529147,SA_0000001476,COUNTRY,RUS,EUR,YEAR,Europe,,,2000,,,,,DATASOURCE,DATASOURCE_SA_0000001476_RUS,2.5,2.5,,,,2018-10-25T13:07:05+02:00,2000,2000-01-01T00:00:00+01:00,2000-12-31T00:00:00+01:00,5289371,WHOSIS_000002,COUNTRY,YEAR,EUR,Europe,SEX,SEX_BTSX,2000,,,,,,,57.3,57.3351,,,,2020-12-04T17:03:00+01:00,2000-01-01T00:00:00+01:00,2000-12-31T00:00:00+01:00
4529147,SA_0000001476,COUNTRY,RUS,EUR,YEAR,Europe,,,2000,,,,,DATASOURCE,DATASOURCE_SA_0000001476_RUS,2.5,2.5,,,,2018-10-25T13:07:05+02:00,2000,2000-01-01T00:00:00+01:00,2000-12-31T00:00:00+01:00,5289378,WHOSIS_000002,COUNTRY,YEAR,EUR,Europe,SEX,SEX_FMLE,2000,,,,,,,62.8,62.78112,,,,2020-12-04T17:02:59+01:00,2000-01-01T00:00:00+01:00,2000-12-31T00:00:00+01:00
4548491,SA_0000001476,COUNTRY,ROU,EUR,YEAR,Europe,,,2010,,,,,DATASOURCE,DATASOURCE_SA_0000001476_ROU,4,4.0,,,,2018-10-25T13:07:01+02:00,2010,2010-01-01T00:00:00+01:00,2010-12-31T00:00:00+01:00,5356272,WHOSIS_000002,COUNTRY,YEAR,EUR,Europe,SEX,SEX_FMLE,2010,,,,,,,68.1,68.11747,,,,2020-12-04T17:02:58+01:00,2010-01-01T00:00:00+01:00,2010-12-31T00:00:00+01:00
4548491,SA_0000001476,COUNTRY,ROU,EUR,YEAR,Europe,,,2010,,,,,DATASOURCE,DATASOURCE_SA_0000001476_ROU,4,4.0,,,,2018-10-25T13:07:01+02:00,2010,2010-01-01T00:00:00+01:00,2010-12-31T00:00:00+01:00,5356319,WHOSIS_000002,COUNTRY,YEAR,EUR,Europe,SEX,SEX_MLE,2010,,,,,,,62.8,62.81327,,,,2020-12-04T17:02:58+01:00,2010-01-01T00:00:00+01:00,2010-12-31T00:00:00+01:00
4548491,SA_0000001476,COUNTRY,ROU,EUR,YEAR,Europe,,,2010,,,,,DATASOURCE,DATASOURCE_SA_0000001476_ROU,4,4.0,,,,2018-10-25T13:07:01+02:00,2010,2010-01-01T00:00:00+01:00,2010-12-31T00:00:00+01:00,5356271,WHOSIS_000002,COUNTRY,YEAR,EUR,Europe,SEX,SEX_BTSX,2010,,,,,,,65.4,65.4342,,,,2020-12-04T17:02:59+01:00,2010-01-01T00:00:00+01:00,2010-12-31T00:00:00+01:00
4548517,SA_0000001476,COUNTRY,ARM,EUR,YEAR,Europe,,,2015,,,,,DATASOURCE,DATASOURCE_SA_0000001476_ARM,1.4,1.4,,,,2018-10-25T13:07:06+02:00,2015,2015-01-01T00:00:00+01:00,2015-12-31T00:00:00+01:00,5389405,WHOSIS_000002,COUNTRY,YEAR,EUR,Europe,SEX,SEX_MLE,2015,,,,,,,63.7,63.6669,,,,2020-12-04T16:59:49+01:00,2015-01-01T00:00:00+01:00,2015-12-31T00:00:00+01:00
4548517,SA_0000001476,COUNTRY,ARM,EUR,YEAR,Europe,,,2015,,,,,DATASOURCE,DATASOURCE_SA_0000001476_ARM,1.4,1.4,,,,2018-10-25T13:07:06+02:00,2015,2015-01-01T00:00:00+01:00,2015-12-31T00:00:00+01:00,5389387,WHOSIS_000002,COUNTRY,YEAR,EUR,Europe,SEX,SEX_FMLE,2015,,,,,,,68.1,68.14306,,,,2020-12-04T16:59:50+01:00,2015-01-01T00:00:00+01:00,2015-12-31T00:00:00+01:00
4548517,SA_0000001476,COUNTRY,ARM,EUR,YEAR,Europe,,,2015,,,,,DATASOURCE,DATASOURCE_SA_0000001476_ARM,1.4,1.4,,,,2018-10-25T13:07:06+02:00,2015,2015-01-01T00:00:00+01:00,2015-12-31T00:00:00+01:00,5389386,WHOSIS_000002,COUNTRY,YEAR,EUR,Europe,SEX,SEX_BTSX,2015,,,,,,,66.0,65.99944,,,,2020-12-04T16:59:50+01:00,2015-01-01T00:00:00+01:00,2015-12-31T00:00:00+01:00
4548490,SA_0000001476,COUNTRY,EST,EUR,YEAR,Europe,,,2010,,,,,DATASOURCE,DATASOURCE_SA_0000001476_EST,2.2,2.2,,,,2018-10-25T13:07:08+02:00,2010,2010-01-01T00:00:00+01:00,2010-12-31T00:00:00+01:00,5322901,WHOSIS_000002,COUNTRY,YEAR,EUR,Europe,SEX,SEX_FMLE,2010,,,,,,,70.2,70.16641,,,,2020-12-04T17:00:55+01:00,2010-01-01T00:00:00+01:00,2010-12-31T00:00:00+01:00
4548490,SA_0000001476,COUNTRY,EST,EUR,YEAR,Europe,,,2010,,,,,DATASOURCE,DATASOURCE_SA_0000001476_EST,2.2,2.2,,,,2018-10-25T13:07:08+02:00,2010,2010-01-01T00:00:00+01:00,2010-12-31T00:00:00+01:00,5322847,WHOSIS_000002,COUNTRY,YEAR,EUR,Europe,SEX,SEX_BTSX,2010,,,,,,,66.9,66.88036,,,,2020-12-04T17:00:56+01:00,2010-01-01T00:00:00+01:00,2010-12-31T00:00:00+01:00
4548490,SA_0000001476,COUNTRY,EST,EUR,YEAR,Europe,,,2010,,,,,DATASOURCE,DATASOURCE_SA_0000001476_EST,2.2,2.2,,,,2018-10-25T13:07:08+02:00,2010,2010-01-01T00:00:00+01:00,2010-12-31T00:00:00+01:00,5322873,WHOSIS_000002,COUNTRY,YEAR,EUR,Europe,SEX,SEX_MLE,2010,,,,,,,63.3,63.26046,,,,2020-12-04T17:00:55+01:00,2010-01-01T00:00:00+01:00,2010-12-31T00:00:00+01:00
4529149,SA_0000001476,COUNTRY,SWE,EUR,YEAR,Europe,,,2000,,,,,DATASOURCE,DATASOURCE_SA_0000001476_SWE,3.3,3.3,,,,2018-10-25T13:07:08+02:00,2000,2000-01-01T00:00:00+01:00,2000-12-31T00:00:00+01:00,5289424,WHOSIS_000002,COUNTRY,YEAR,EUR,Europe,SEX,SEX_FMLE,2000,,,,,,,70.7,70.65055,,,,2020-12-04T17:03:20+01:00,2000-01-01T00:00:00+01:00,2000-12-31T00:00:00+01:00
4529149,SA_0000001476,COUNTRY,SWE,EUR,YEAR,Europe,,,2000,,,,,DATASOURCE,DATASOURCE_SA_0000001476_SWE,3.3,3.3,,,,2018-10-25T13:07:08+02:00,2000,2000-01-01T00:00:00+01:00,2000-12-31T00:00:00+01:00,5289418,WHOSIS_000002,COUNTRY,YEAR,EUR,Europe,SEX,SEX_MLE,2000,,,,,,,69.0,68.99501,,,,2020-12-04T17:03:20+01:00,2000-01-01T00:00:00+01:00,2000-12-31T00:00:00+01:00
4529149,SA_0000001476,COUNTRY,SWE,EUR,YEAR,Europe,,,2000,,,,,DATASOURCE,DATASOURCE_SA_0000001476_SWE,3.3,3.3,,,,2018-10-25T13:07:08+02:00,2000,2000-01-01T00:00:00+01:00,2000-12-31T00:00:00+01:00,5289417,WHOSIS_000002,COUNTRY,YEAR,EUR,Europe,SEX,SEX_BTSX,2000,,,,,,,69.9,69.85847,,,,2020-12-04T17:03:21+01:00,2000-01-01T00:00:00+01:00,2000-12-31T00:00:00+01:00
4529139,SA_0000001476,COUNTRY,DNK,EUR,YEAR,Europe,,,2000,,,,,DATASOURCE,DATASOURCE_SA_0000001476_DNK,2.3,2.3,,,,2018-10-25T13:07:09+02:00,2000,2000-01-01T00:00:00+01:00,2000-12-31T00:00:00+01:00,5256566,WHOSIS_000002,COUNTRY,YEAR,EUR,Europe,SEX,SEX_MLE,2000,,,,,,,66.7,66.73137,,,,2020-12-04T17:00:45+01:00,2000-01-01T00:00:00+01:00,2000-12-31T00:00:00+01:00
4529139,SA_0000001476,COUNTRY,DNK,EUR,YEAR,Europe,,,2000,,,,,DATASOURCE,DATASOURCE_SA_0000001476_DNK,2.3,2.3,,,,2018-10-25T13:07:09+02:00,2000,2000-01-01T00:00:00+01:00,2000-12-31T00:00:00+01:00,5256632,WHOSIS_000002,COUNTRY,YEAR,EUR,Europe,SEX,SEX_FMLE,2000,,,,,,,68.3,68.3408,,,,2020-12-04T17:00:46+01:00,2000-01-01T00:00:00+01:00,2000-12-31T00:00:00+01:00
4529139,SA_0000001476,COUNTRY,DNK,EUR,YEAR,Europe,,,2000,,,,,DATASOURCE,DATASOURCE_SA_0000001476_DNK,2.3,2.3,,,,2018-10-25T13:07:09+02:00,2000,2000-01-01T00:00:00+01:00,2000-12-31T00:00:00+01:00,5256565,WHOSIS_000002,COUNTRY,YEAR,EUR,Europe,SEX,SEX_BTSX,2000,,,,,,,67.6,67.56724,,,,2020-12-04T17:00:46+01:00,2000-01-01T00:00:00+01:00,2000-12-31T00:00:00+01:00
4539208,SA_0000001476,COUNTRY,NZL,WPR,YEAR,Western Pacific,,,2010,,,,,DATASOURCE,DATASOURCE_SA_0000001476_NZL,2.1,2.1,,,,2018-10-25T13:07:08+02:00,2010,2010-01-01T00:00:00+01:00,2010-12-31T00:00:00+01:00,5356208,WHOSIS_000002,COUNTRY,YEAR,WPR,Western Pacific,SEX,SEX_MLE,2010,,,,,,,69.0,68.99438,,,,2020-12-04T17:02:41+01:00,2010-01-01T00:00:00+01:00,2010-12-31T00:00:00+01:00
4539208,SA_0000001476,COUNTRY,NZL,WPR,YEAR,Western Pacific,,,2010,,,,,DATASOURCE,DATASOURCE_SA_0000001476_NZL,2.1,2.1,,,,2018-10-25T13:07:08+02:00,2010,2010-01-01T00:00:00+01:00,2010-12-31T00:00:00+01:00,5356221,WHOSIS_000002,COUNTRY,YEAR,WPR,Western Pacific,SEX,SEX_FMLE,2010,,,,,,,70.6,70.56623,,,,2020-12-04T17:02:41+01:00,2010-01-01T00:00:00+01:00,2010-12-31T00:00:00+01:00
4539208,SA_0000001476,COUNTRY,NZL,WPR,YEAR,Western Pacific,,,2010,,,,,DATASOURCE,DATASOURCE_SA_0000001476_NZL,2.1,2.1,,,,2018-10-25T13:07:08+02:00,2010,2010-01-01T00:00:00+01:00,2010-12-31T00:00:00+01:00,5356287,WHOSIS_000002,COUNTRY,YEAR,WPR,Western Pacific,SEX,SEX_BTSX,2010,,,,,,,69.8,69.77947,,,,2020-12-04T17:02:42+01:00,2010-01-01T00:00:00+01:00,2010-12-31T00:00:00+01:00
4548521,SA_0000001476,COUNTRY,FIN,EUR,YEAR,Europe,,,2015,,,,,DATASOURCE,DATASOURCE_SA_0000001476_FIN,4.1,4.1,,,,2018-10-25T13:07:01+02:00,2015,2015-01-01T00:00:00+01:00,2015-12-31T00:00:00+01:00,5389431,WHOSIS_000002,COUNTRY,YEAR,EUR,Europe,SEX,SEX_BTSX,2015,,,,,,,70.7,70.73011,,,,2020-12-04T17:00:59+01:00,2015-01-01T00:00:00+01:00,2015-12-31T00:00:00+01:00
4548521,SA_0000001476,COUNTRY,FIN,EUR,YEAR,Europe,,,2015,,,,,DATASOURCE,DATASOURCE_SA_0000001476_FIN,4.1,4.1,,,,2018-10-25T13:07:01+02:00,2015,2015-01-01T00:00:00+01:00,2015-12-31T00:00:00+01:00,5422643,WHOSIS_000002,COUNTRY,YEAR,EUR,Europe,SEX,SEX_FMLE,2015,,,,,,,72.0,71.97398,,,,2020-12-04T17:00:58+01:00,2015-01-01T00:00:00+01:00,2015-12-31T00:00:00+01:00
4548521,SA_0000001476,COUNTRY,FIN,EUR,YEAR,Europe,,,2015,,,,,DATASOURCE,DATASOURCE_SA_0000001476_FIN,4.1,4.1,,,,2018-10-25T13:07:01+02:00,2015,2015-01-01T00:00:00+01:00,2015-12-31T00:00:00+01:00,5389432,WHOSIS_000002,COUNTRY,YEAR,EUR,Europe,SEX,SEX_MLE,2015,,,,,,,69.4,69.44212,,,,2020-12-04T17:00:58+01:00,2015-01-01T00:00:00+01:00,2015-12-31T00:00:00+01:00
4539117,SA_0000001476,COUNTRY,ITA,EUR,YEAR,Europe,,,2000,,,,,DATASOURCE,DATASOURCE_SA_0000001476_ITA,0.8,0.8,,,,2018-10-25T13:07:11+02:00,2000,2000-01-01T00:00:00+01:00,2000-12-31T00:00:00+01:00,5257491,WHOSIS_000002,COUNTRY,YEAR,EUR,Europe,SEX,SEX_FMLE,2000,,,,,,,70.4,70.39314,,,,2020-12-04T17:01:37+01:00,2000-01-01T00:00:00+01:00,2000-12-31T00:00:00+01:00
4539117,SA_0000001476,COUNTRY,ITA,EUR,YEAR,Europe,,,2000,,,,,DATASOURCE,DATASOURCE_SA_0000001476_ITA,0.8,0.8,,,,2018-10-25T13:07:11+02:00,2000,2000-01-01T00:00:00+01:00,2000-12-31T00:00:00+01:00,5257502,WHOSIS_000002,COUNTRY,YEAR,EUR,Europe,SEX,SEX_MLE,2000,,,,,,,67.6,67.56302,,,,2020-12-04T17:01:37+01:00,2000-01-01T00:00:00+01:00,2000-12-31T00:00:00+01:00
4539117,SA_0000001476,COUNTRY,ITA,EUR,YEAR,Europe,,,2000,,,,,DATASOURCE,DATASOURCE_SA_0000001476_ITA,0.8,0.8,,,,2018-10-25T13:07:11+02:00,2000,2000-01-01T00:00:00+01:00,2000-12-31T00:00:00+01:00,5257452,WHOSIS_000002,COUNTRY,YEAR,EUR,Europe,SEX,SEX_BTSX,2000,,,,,,,69.0,69.03748,,,,2020-12-04T17:01:38+01:00,2000-01-01T00:00:00+01:00,2000-12-31T00:00:00+01:00
